"","Site","MPAStatus","Year","Month","Day","SkyConditions","TideHeight","TimeLowTide","WindAve","WindMax","Salinity","BRUV","StartLoc","StartTime","TimeRet","Depth","Visibility","Temp","Substrate","Macroalgae","Fish_Invert","DistShore","WaveHeight","WavePeriod","Microhabitat","Notes","Date","Analysis_Month","Percent_Cover","Red_Percent_Cover","Brown_Percent_Cover","Green_Percent_Cover","Seagrass_Percent_Cover","Numeric_Date","Season","WDIR_ave","MWD_ave","WVHT_ave","DPD_ave","BEUTI","CUTI"
"1","Carmel","MPA",2020,7,11,"Sunny",0.2438,09:37:00,4.96,6.35,32,1,0,09:17:00,NA,2.13,4.57,12.5,"sand","ulva","biplicata",30,1,7,"flat",NA,"7/11/2020","Jul",4.166666667,0,4.166666667,0,0,7,"Summer",310.8695652,330.7975,NA,NA,12.277,0.877
"2","Carmel","MPA",2020,7,11,"Sunny",0.2438,09:37:00,4.96,6.35,32,2,50,09:20:00,NA,1.83,4.57,12.5,"sand",NA,NA,25,1,7,"flat",NA,"7/11/2020","Jul",4.166666667,0,0,0,4.166666667,7,"Summer",310.8695652,330.7975,NA,NA,12.277,0.877
"3","Carmel","MPA",2020,7,11,"Sunny",0.2438,09:37:00,4.96,6.35,32,3,50,09:22:00,NA,1.52,3.05,12.5,"sand","macro",NA,30,1,7,"flat",NA,"7/11/2020","Jul",0,0,0,0,0,7,"Summer",310.8695652,330.7975,NA,NA,12.277,0.877
"4","Carmel","MPA",2020,7,11,"Sunny",0.2438,09:37:00,4.96,6.35,32,4,50,09:23:00,NA,2.13,4.57,12.5,"sand",NA,NA,30,1,7,"flat",NA,"7/11/2020","Jul",0,0,0,0,0,7,"Summer",310.8695652,330.7975,NA,NA,12.277,0.877
"5","Carmel","MPA",2020,7,11,"Sunny",0.2438,09:37:00,4.96,6.35,32,5,50,09:24:00,NA,2.13,4.57,12.5,"sand",NA,NA,30,1,7,"flat",NA,"7/11/2020","Jul",0,0,0,0,0,7,"Summer",310.8695652,330.7975,NA,NA,12.277,0.877
"6","Carmel","MPA",2020,7,11,"Sunny",0.2438,09:37:00,4.96,6.35,32,6,50,09:28:00,NA,2.13,3.35,12.5,"sand",NA,NA,30,1,7,"flat",NA,"7/11/2020","Jul",0,0,0,0,0,7,"Summer",310.8695652,330.7975,NA,NA,12.277,0.877
"7","Spanish Bay","MPA",2020,7,16,"Cloudy",0.823,13:16:00,4.83,6.88,32,1,0,12:26:00,14:56:00,1.83,1.52,14,"sand",NA,NA,35,0.8,6,"flat",NA,"7/16/2020","Jul",12.5,0,8.333333333,0,4.166666667,7,"Summer",215.9090909,324,NA,NA,-0.272,-0.024
"8","Spanish Bay","MPA",2020,7,16,"Cloudy",0.823,13:16:00,4.83,6.88,32,2,70,12:26:00,14:51:00,2.13,4.57,14,"sand","macro",NA,35,0.8,6,"flat",NA,"7/16/2020","Jul",0,0,0,0,0,7,"Summer",215.9090909,324,NA,NA,-0.272,-0.024
"9","Spanish Bay","MPA",2020,7,16,"Cloudy",0.823,13:16:00,4.83,6.88,32,3,70,12:25:00,14:58:00,2.13,2.13,14,"sand","phyllospadix",NA,30,1,7,"flat",NA,"7/16/2020","Jul",4.166666667,0,4.166666667,0,0,7,"Summer",215.9090909,324,NA,NA,-0.272,-0.024
"10","Spanish Bay","MPA",2020,7,16,"Cloudy",0.823,13:16:00,4.83,6.88,32,4,110,12:26:00,15:05:00,2.13,2.13,14,"sand","brown",NA,30,1,7,"flat",NA,"7/16/2020","Jul",4.166666667,0,0,0,4.166666667,7,"Summer",215.9090909,324,NA,NA,-0.272,-0.024
"11","Spanish Bay","MPA",2020,7,16,"Cloudy",0.823,13:16:00,4.83,6.88,32,5,70,12:30:00,15:15:00,1.52,2.13,14,"sand",NA,NA,20,0.7,6,"flat",NA,"7/16/2020","Jul",5.555555556,0,4.166666667,0,6.25,7,"Summer",215.9090909,324,NA,NA,-0.272,-0.024
"12","Spanish Bay","MPA",2020,7,16,"Cloudy",0.823,13:16:00,4.83,6.88,32,6,50,12:34:00,15:25:00,2.44,3.05,14,"sand","macro",NA,40,0.7,6,"flat",NA,"7/16/2020","Jul",27.77777778,12.5,4.166666667,0,20.83333333,7,"Summer",215.9090909,324,NA,NA,-0.272,-0.024
"13","Stillwater Cove","Ref",2020,7,23,"Foggy",-0.2134,06:34:00,1.7,1.74,32,1,0,07:45:00,13:50:00,1.52,0.61,18,"sand",NA,NA,40,0.1,3,"flat",NA,"7/23/2020","Jul",34.72222222,27.77777778,10.41666667,0,0,7,"Summer",257.9166667,333.7059,NA,NA,0.082,0.007
"14","Stillwater Cove","Ref",2020,7,23,"Foggy",-0.2134,06:34:00,1.7,1.74,32,2,50,07:50:00,13:50:00,1.22,0.61,18,"sand","macro",NA,30,0.1,3,"flat",NA,"7/23/2020","Jul",27.08333333,16.66666667,33.33333333,0,4.166666667,7,"Summer",257.9166667,333.7059,NA,NA,0.082,0.007
"15","Stillwater Cove","Ref",2020,7,23,"Foggy",-0.2134,06:34:00,1.7,1.74,32,3,40,07:58:00,13:25:00,1.52,0.3,18,"sand","phyllospadix",NA,20,0.1,4,"flat",NA,"7/23/2020","Jul",80.55555556,66.66666667,41.66666667,25,0,7,"Summer",257.9166667,333.7059,NA,NA,0.082,0.007
"16","Stillwater Cove","Ref",2020,7,23,"Foggy",-0.2134,06:34:00,1.7,1.74,32,4,50,08:00:00,13:35:00,1.22,0.61,18,"boulder","phyllospadix",NA,40,0.1,4,"flat",NA,"7/23/2020","Jul",100,100,0,0,0,7,"Summer",257.9166667,333.7059,NA,NA,0.082,0.007
"17","Stillwater Cove","Ref",2020,7,23,"Foggy",-0.2134,06:34:00,1.7,1.74,32,5,50,07:56:00,13:30:00,1.52,0.61,18,"bedrock","egregia",NA,40,0.1,3,"flat","Harbor seal","7/23/2020","Jul",55.55555556,19.44444444,0,0,36.11111111,7,"Summer",257.9166667,333.7059,NA,NA,0.082,0.007
"18","Stillwater Cove","Ref",2020,7,23,"Foggy",-0.2134,06:34:00,1.7,1.74,32,6,50,08:00:00,13:30:00,2.13,1.22,18,"sand","phyllospadix",NA,50,0.1,3,"flat",NA,"7/23/2020","Jul",90.27777778,43.75,0,0,61.11111111,7,"Summer",257.9166667,333.7059,NA,NA,0.082,0.007
"19","Carmel","Ref",2020,8,5,"Cloudy",0.1524,06:29:00,0,0,32,1,0,08:17:00,NA,1.52,2.13,14,"sand","red",NA,30,2,9,"flat",NA,"8/5/2020","Aug",0,0,0,0,0,8,"Summer",291.25,332.2391304,0.723043478,8.001521739,24.656,2.103
"20","Carmel","Ref",2020,8,5,"Cloudy",0.1524,06:29:00,0,0,32,2,50,08:17:00,NA,2.13,1.52,14,"sand","macro",NA,30,2,9,"flat",NA,"8/5/2020","Aug",16.66666667,0,0,16.66666667,0,8,"Summer",291.25,332.2391304,0.723043478,8.001521739,24.656,2.103
"21","Carmel","Ref",2020,8,5,"Cloudy",0.1524,06:29:00,0,0,32,3,50,08:16:00,NA,1.52,3.35,14,"sand","drift",NA,30,2,11,"flat",NA,"8/5/2020","Aug",4.166666667,0,0,4.166666667,0,8,"Summer",291.25,332.2391304,0.723043478,8.001521739,24.656,2.103
"22","Carmel","Ref",2020,8,5,"Cloudy",0.1524,06:29:00,0,0,32,4,50,08:11:00,NA,1.52,2.13,14,"sand","ulva",NA,30,2,11,"flat",NA,"8/5/2020","Aug",8.333333333,0,8.333333333,0,0,8,"Summer",291.25,332.2391304,0.723043478,8.001521739,24.656,2.103
"23","Carmel","Ref",2020,8,5,"Cloudy",0.1524,06:29:00,0,0,32,5,50,08:10:00,NA,1.83,3.66,14,"sand",NA,NA,30,2,9,"flat",NA,"8/5/2020","Aug",8.333333333,8.333333333,0,0,0,8,"Summer",291.25,332.2391304,0.723043478,8.001521739,24.656,2.103
"24","Carmel","Ref",2020,8,5,"Cloudy",0.1524,06:29:00,0,0,32,6,50,08:09:00,NA,2.44,2.44,14,"sand","macro","biplicata",30,2,9,"flat",NA,"8/5/2020","Aug",4.166666667,4.166666667,0,0,0,8,"Summer",291.25,332.2391304,0.723043478,8.001521739,24.656,2.103
"25","Spanish Bay","MPA",2020,8,15,"Clear",0.823,02:51:00,0,0,34,1,0,07:24:00,09:00:00,1.52,0.3,12,"sand",NA,NA,20,1.6,5,"flat",NA,"8/15/2020","Aug",8.333333333,0,8.333333333,0,0,8,"Summer",254.1666667,334.4166667,0.430625,8.582916667,5.266,0.392
"26","Spanish Bay","MPA",2020,8,15,"Clear",0.823,02:51:00,0,0,34,2,50,07:27:00,09:00:00,1.52,0.3,12,"sand",NA,NA,15,1.6,5,"flat",NA,"8/15/2020","Aug",4.166666667,0,4.166666667,0,0,8,"Summer",254.1666667,334.4166667,0.430625,8.582916667,5.266,0.392
"27","Spanish Bay","MPA",2020,8,15,"Clear",0.823,02:51:00,0,0,34,3,50,07:30:00,08:55:00,1.83,1.22,12,"sand","phyllospadix",NA,25,1.4,7,"flat",NA,"8/15/2020","Aug",6.944444444,0,6.944444444,0,0,8,"Summer",254.1666667,334.4166667,0.430625,8.582916667,5.266,0.392
"28","Spanish Bay","MPA",2020,8,15,"Clear",0.823,02:51:00,0,0,34,4,50,07:30:00,08:55:00,1.83,1.22,12,"sand",NA,NA,20,1.4,7,"flat",NA,"8/15/2020","Aug",0,0,0,0,0,8,"Summer",254.1666667,334.4166667,0.430625,8.582916667,5.266,0.392
"29","Spanish Bay","MPA",2020,8,15,"Clear",0.823,02:51:00,0,0,34,5,50,07:32:00,08:50:00,1.83,1.22,12,"sand","phyllospadix",NA,20,1.2,7,"flat",NA,"8/15/2020","Aug",4.166666667,0,4.166666667,0,0,8,"Summer",254.1666667,334.4166667,0.430625,8.582916667,5.266,0.392
"30","Spanish Bay","MPA",2020,8,15,"Clear",0.823,02:51:00,0,0,34,6,50,07:33:00,08:50:00,1.83,0.3,12,"sand","phyllospadix",NA,20,1.2,7,"flat",NA,"8/15/2020","Aug",6.25,0,4.166666667,0,8.333333333,8,"Summer",254.1666667,334.4166667,0.430625,8.582916667,5.266,0.392
"31","Stillwater Cove","Ref",2020,8,31,"Foggy",0.3962,04:14:00,1.03,1.48,33,1,0,07:00:00,NA,1.52,0.3,15,"sand",NA,NA,40,0.2,3,"flat",NA,"8/31/2020","Aug",0,0,0,0,0,8,"Summer",237.651,343.625,0.64375,10.025,-0.062,-0.006
"32","Stillwater Cove","Ref",2020,8,31,"Foggy",0.3962,04:14:00,1.03,1.48,33,2,50,07:01:00,NA,1.52,0.61,15,"bedrock","phyllospadix",NA,35,0.2,3,"flat",NA,"8/31/2020","Aug",31.94444444,0,0,25,23.61111111,8,"Summer",237.651,343.625,0.64375,10.025,-0.062,-0.006
"33","Stillwater Cove","Ref",2020,8,31,"Foggy",0.3962,04:14:00,1.03,1.48,33,3,50,07:05:00,NA,1.52,0.61,15,"sand","red",NA,30,0.2,4,"flat",NA,"8/31/2020","Aug",19.44444444,0,16.66666667,4.166666667,4.166666667,8,"Summer",237.651,343.625,0.64375,10.025,-0.062,-0.006
"34","Stillwater Cove","Ref",2020,8,31,"Foggy",0.3962,04:14:00,1.03,1.48,33,4,50,07:09:00,NA,1.83,0.91,15,"sand","egregia",NA,35,0.2,4,"flat",NA,"8/31/2020","Aug",97.22222222,4.166666667,93.05555556,0,8.333333333,8,"Summer",237.651,343.625,0.64375,10.025,-0.062,-0.006
"35","Stillwater Cove","Ref",2020,8,31,"Foggy",0.3962,04:14:00,1.03,1.48,33,5,50,07:13:00,NA,1.22,0.61,15,"sand","phyllospadix",NA,35,0.2,4,"flat",NA,"8/31/2020","Aug",79.16666667,11.11111111,68.05555556,0,0,8,"Summer",237.651,343.625,0.64375,10.025,-0.062,-0.006
"36","Stillwater Cove","Ref",2020,8,31,"Foggy",0.3962,04:14:00,1.03,1.48,33,6,50,07:11:00,NA,1.37,0.61,15,"sand","red",NA,30,0.2,4,"flat",NA,"8/31/2020","Aug",52.77777778,4.166666667,50,0,4.166666667,8,"Summer",237.651,343.625,0.64375,10.025,-0.062,-0.006
"37","Whalers Cove","MPA",2020,9,2,"Foggy",0.701,05:21:00,0.67,1.03,34,1,0,08:34:00,NA,1.52,2.13,13.5,"pebble",NA,NA,10,0.2,7,"flat",NA,"9/2/2020","Aug",15.27777778,8.333333333,29.16666667,0,0,8,"Summer",236.981,339.5531915,0.546382979,9.490425532,1.205,0.116
"38","Whalers Cove","MPA",2020,9,2,"Foggy",0.701,05:21:00,0.67,1.03,34,2,50,08:35:00,NA,1.52,2.13,13.5,"pebble","red",NA,10,0.2,7,"flat",NA,"9/2/2020","Aug",0,0,0,0,0,8,"Summer",236.981,339.5531915,0.546382979,9.490425532,1.205,0.116
"39","Whalers Cove","MPA",2020,9,2,"Foggy",0.701,05:21:00,0.67,1.03,34,3,50,08:37:00,NA,1.68,2.13,13.5,"bedrock","drift",NA,10,0.2,6,"flat",NA,"9/2/2020","Aug",18.05555556,15.27777778,0,4.166666667,0,8,"Summer",236.981,339.5531915,0.546382979,9.490425532,1.205,0.116
"40","Whalers Cove","MPA",2020,9,2,"Foggy",0.701,05:21:00,0.67,1.03,34,4,50,08:38:00,NA,1.52,1.83,13.5,"pebble","red",NA,10,0.2,6,"flat",NA,"9/2/2020","Aug",0,0,0,0,0,8,"Summer",236.981,339.5531915,0.546382979,9.490425532,1.205,0.116
"41","Whalers Cove","MPA",2020,9,2,"Foggy",0.701,05:21:00,0.67,1.03,34,5,50,08:39:00,NA,1.83,2.13,13.5,"bedrock","red",NA,10,0.3,8,"flat",NA,"9/2/2020","Aug",12.5,12.5,0,0,0,8,"Summer",236.981,339.5531915,0.546382979,9.490425532,1.205,0.116
"42","Whalers Cove","MPA",2020,9,2,"Foggy",0.701,05:21:00,0.67,1.03,34,6,50,08:40:00,NA,1.52,0.61,13.5,"sand","drift",NA,10,0.3,8,"trough",NA,"9/2/2020","Aug",0,0,0,0,0,8,"Summer",236.981,339.5531915,0.546382979,9.490425532,1.205,0.116
"43","Spanish Bay","MPA",2020,9,9,"Foggy",0.8839,08:54:00,0.89,1.16,36,1,0,07:56:00,10:08:00,1.52,0.3,13,"sand",NA,NA,20,1.5,5,"flat",NA,"9/9/2020","Sep",10.41666667,4.166666667,12.5,0,4.166666667,9,"Fall",234.62,347.5106383,0.576170213,14.03404255,0.65,0.096
"44","Spanish Bay","MPA",2020,9,9,"Foggy",0.8839,08:54:00,0.89,1.16,36,2,35,08:01:00,10:09:00,2.13,0.61,13,"bedrock",NA,NA,20,1.5,5,"flat",NA,"9/9/2020","Sep",4.166666667,0,4.166666667,0,0,9,"Fall",234.62,347.5106383,0.576170213,14.03404255,0.65,0.096
"45","Spanish Bay","MPA",2020,9,9,"Foggy",0.8839,08:54:00,0.89,1.16,36,3,65,08:04:00,10:10:00,1.68,1.52,13,"sand",NA,NA,15,2,6,"trough",NA,"9/9/2020","Sep",0,0,0,0,0,9,"Fall",234.62,347.5106383,0.576170213,14.03404255,0.65,0.096
"46","Spanish Bay","MPA",2020,9,9,"Foggy",0.8839,08:54:00,0.89,1.16,36,4,50,08:07:00,10:10:00,2.13,1.22,13,"sand",NA,NA,30,2,6,"flat",NA,"9/9/2020","Sep",4.166666667,0,4.166666667,0,0,9,"Fall",234.62,347.5106383,0.576170213,14.03404255,0.65,0.096
"47","Spanish Bay","MPA",2020,9,9,"Foggy",0.8839,08:54:00,0.89,1.16,36,5,50,08:07:00,10:11:00,3.05,1.83,13,"sand",NA,NA,40,1.8,6,"flat",NA,"9/9/2020","Sep",4.166666667,0,0,0,4.166666667,9,"Fall",234.62,347.5106383,0.576170213,14.03404255,0.65,0.096
"48","Spanish Bay","MPA",2020,9,9,"Foggy",0.8839,08:54:00,0.89,1.16,36,6,50,08:10:00,10:12:00,1.68,1.22,13,"sand",NA,NA,15,1.8,6,"trough",NA,"9/9/2020","Sep",4.166666667,0,4.166666667,0,0,9,"Fall",234.62,347.5106383,0.576170213,14.03404255,0.65,0.096
"49","Whalers Cove","MPA",2020,9,21,"Foggy",0.6706,07:24:00,0.36,0.98,36,1,0,08:47:00,NA,1.83,1.22,13,"bedrock",NA,NA,10,0.2,7,"flat",NA,"9/21/2020","Sep",55.55555556,0,41.66666667,8.333333333,8.333333333,9,"Fall",264.5833333,328.9347826,0.636304348,7.477391304,4.873,0.809
"50","Whalers Cove","MPA",2020,9,21,"Foggy",0.6706,07:24:00,0.36,0.98,36,2,50,08:48:00,NA,1.83,1.52,13,"pebble",NA,NA,10,0.2,7,"flat",NA,"9/21/2020","Sep",13.88888889,9.722222222,4.166666667,0,8.333333333,9,"Fall",264.5833333,328.9347826,0.636304348,7.477391304,4.873,0.809
"51","Whalers Cove","MPA",2020,9,21,"Foggy",0.6706,07:24:00,0.36,0.98,36,3,50,08:48:00,NA,1.83,1.83,13,"pebble",NA,NA,10,0.2,10,"flat",NA,"9/21/2020","Sep",19.44444444,6.25,6.25,16.66666667,0,9,"Fall",264.5833333,328.9347826,0.636304348,7.477391304,4.873,0.809
"52","Whalers Cove","MPA",2020,9,21,"Foggy",0.6706,07:24:00,0.36,0.98,36,4,50,08:50:00,NA,1.83,1.22,13,"pebble",NA,NA,10,0.2,10,"flat",NA,"9/21/2020","Sep",31.94444444,14.58333333,20.83333333,0,4.166666667,9,"Fall",264.5833333,328.9347826,0.636304348,7.477391304,4.873,0.809
"53","Whalers Cove","MPA",2020,9,21,"Foggy",0.6706,07:24:00,0.36,0.98,36,5,50,08:55:00,NA,1.83,0.91,13,"pebble",NA,NA,10,0.2,9,"flat",NA,"9/21/2020","Sep",38.88888889,4.166666667,13.88888889,13.88888889,8.333333333,9,"Fall",264.5833333,328.9347826,0.636304348,7.477391304,4.873,0.809
"54","Whalers Cove","MPA",2020,9,21,"Foggy",0.6706,07:24:00,0.36,0.98,36,6,50,08:55:00,NA,1.83,0.91,13,"sand",NA,NA,10,0.2,9,"trough",NA,"9/21/2020","Sep",4.166666667,4.166666667,4.166666667,0,0,9,"Fall",264.5833333,328.9347826,0.636304348,7.477391304,4.873,0.809
"55","Carmel","Ref",2020,10,9,"Partly cloudy",1.0973,09:34:00,0,0.22,37,1,0,07:39:00,NA,2.13,3.05,12.5,"sand","drift",NA,30,2,11,"trough",NA,"10/9/2020","Oct",8.333333333,0,8.333333333,0,0,10,"Fall",178,345.4042553,0.428723404,11.2912766,1.36,0.157
"56","Carmel","Ref",2020,10,9,"Partly cloudy",1.0973,09:34:00,0,0.22,37,2,30,07:47:00,NA,1.83,3.05,12.5,"sand",NA,NA,40,2,11,"trough",NA,"10/9/2020","Oct",0,0,0,0,0,10,"Fall",178,345.4042553,0.428723404,11.2912766,1.36,0.157
"57","Carmel","Ref",2020,10,9,"Partly cloudy",1.0973,09:34:00,0,0.22,37,3,50,07:49:00,NA,2.44,4.57,12.5,"sand",NA,NA,30,2,12,"trough",NA,"10/9/2020","Oct",4.166666667,0,4.166666667,0,0,10,"Fall",178,345.4042553,0.428723404,11.2912766,1.36,0.157
"58","Carmel","Ref",2020,10,9,"Partly cloudy",1.0973,09:34:00,0,0.22,37,4,50,07:49:00,NA,2.13,6.1,12.5,"sand","drift",NA,20,2,12,"flat",NA,"10/9/2020","Oct",0,0,0,0,0,10,"Fall",178,345.4042553,0.428723404,11.2912766,1.36,0.157
"59","Carmel","Ref",2020,10,9,"Partly cloudy",1.0973,09:34:00,0,0.22,37,5,60,07:52:00,NA,2.13,6.1,12.5,"sand","drift",NA,20,2,13,"trough",NA,"10/9/2020","Oct",4.166666667,0,4.166666667,0,0,10,"Fall",178,345.4042553,0.428723404,11.2912766,1.36,0.157
"60","Carmel","Ref",2020,10,9,"Partly cloudy",1.0973,09:34:00,0,0.22,37,6,50,07:54:00,NA,2.13,6.1,12.5,"sand","drift","mollusc",20,2,13,"flat",NA,"10/9/2020","Oct",0,0,0,0,0,10,"Fall",178,345.4042553,0.428723404,11.2912766,1.36,0.157
"61","Stillwater Cove","Ref",2020,10,10,"Clear",1.0363,11:16:00,1.48,2.1,34,1,0,11:50:00,NA,1.52,0.61,13,"sand",NA,NA,30,0.2,12,"flat",NA,"10/10/2020","Oct",0,0,0,0,0,10,"Fall",145,346.4791667,0.445208333,12.18770833,1.126,0.137
"62","Stillwater Cove","Ref",2020,10,10,"Clear",1.0363,11:16:00,1.48,2.1,34,2,40,11:52:00,NA,1.52,0.61,13,"sand","red",NA,30,0.2,12,"flat",NA,"10/10/2020","Oct",0,0,0,0,0,10,"Fall",145,346.4791667,0.445208333,12.18770833,1.126,0.137
"63","Stillwater Cove","Ref",2020,10,10,"Clear",1.0363,11:16:00,1.48,2.1,34,3,30,11:55:00,NA,1.52,0.3,13,"bedrock","drift",NA,20,0.1,10,"flat",NA,"10/10/2020","Oct",60.41666667,29.16666667,27.08333333,8.333333333,0,10,"Fall",145,346.4791667,0.445208333,12.18770833,1.126,0.137
"64","Stillwater Cove","Ref",2020,10,10,"Clear",1.0363,11:16:00,1.48,2.1,34,4,100,12:00:00,NA,1.83,0.3,13,"sand","phyllospadix",NA,40,0.1,10,"flat",NA,"10/10/2020","Oct",143.0555556,43.05555556,100,0,0,10,"Fall",145,346.4791667,0.445208333,12.18770833,1.126,0.137
"65","Stillwater Cove","Ref",2020,10,10,"Clear",1.0363,11:16:00,1.48,2.1,34,5,-50,11:58:00,NA,1.52,0.61,13,"sand",NA,NA,20,0.2,8,"flat","other side of the pier","10/10/2020","Oct",4.166666667,0,4.166666667,0,0,10,"Fall",145,346.4791667,0.445208333,12.18770833,1.126,0.137
"66","Stillwater Cove","Ref",2020,10,10,"Clear",1.0363,11:16:00,1.48,2.1,34,6,50,12:02:00,NA,1.52,0.3,13,"sand","egregia",NA,20,0.2,8,"flat",NA,"10/10/2020","Oct",0,0,0,0,0,10,"Fall",145,346.4791667,0.445208333,12.18770833,1.126,0.137
"67","Whalers Cove","MPA",2020,10,30,"Clear",0.6096,16:45:00,1.65,4.11,37,1,0,14:17:00,15:35:00,3.05,4.57,15,"sand","macro",NA,25,0.1,7,"flat",NA,"10/30/2020","Oct",59.72222222,15.27777778,44.44444444,0,0,10,"Fall",250.4166667,345.5,0.494583333,10.5375,0.858,0.472
"68","Whalers Cove","MPA",2020,10,30,"Clear",0.6096,16:45:00,1.65,4.11,37,2,50,14:18:00,15:36:00,2.74,3.35,15,"sand","red",NA,15,0.1,7,"flat",NA,"10/30/2020","Oct",81.94444444,30.55555556,51.38888889,0,0,10,"Fall",250.4166667,345.5,0.494583333,10.5375,0.858,0.472
"69","Whalers Cove","MPA",2020,10,30,"Clear",0.6096,16:45:00,1.65,4.11,37,3,50,14:19:00,15:37:00,3.05,4.57,15,"pebble",NA,NA,15,0.1,7,"flat",NA,"10/30/2020","Oct",0,0,0,0,0,10,"Fall",250.4166667,345.5,0.494583333,10.5375,0.858,0.472
"70","Whalers Cove","MPA",2020,10,30,"Clear",0.6096,16:45:00,1.65,4.11,37,4,50,14:19:00,15:38:00,2.44,4.57,15,"pebble","red",NA,15,0.1,7,"trough",NA,"10/30/2020","Oct",27.77777778,18.05555556,9.722222222,0,0,10,"Fall",250.4166667,345.5,0.494583333,10.5375,0.858,0.472
"71","Whalers Cove","MPA",2020,10,30,"Clear",0.6096,16:45:00,1.65,4.11,37,5,50,14:21:00,15:39:00,2.44,3.35,15,"sand","red",NA,15,0.1,6,"ripples",NA,"10/30/2020","Oct",41.66666667,16.66666667,12.5,0,23.61111111,10,"Fall",250.4166667,345.5,0.494583333,10.5375,0.858,0.472
"72","Whalers Cove","MPA",2020,10,30,"Clear",0.6096,16:45:00,1.65,4.11,37,6,50,14:23:00,15:40:00,2.44,4.57,15,"sand","red",NA,15,0.1,6,"flat",NA,"10/30/2020","Oct",26.38888889,22.22222222,4.166666667,0,4.166666667,10,"Fall",250.4166667,345.5,0.494583333,10.5375,0.858,0.472
"73","Whalers Cove","MPA",2020,12,2,"Partly cloudy",0.6706,16:14:00,4.69,6.48,35,1,0,14:16:00,NA,2.13,0.61,13,"sand",NA,NA,20,1,12,"flat",NA,"12/2/2020","Nov",18.05555556,15.27777778,8.333333333,0,0,11,"Fall",210,311.0869565,1.073913043,11.89869565,9.368,0.783
"74","Whalers Cove","MPA",2020,12,2,"Partly cloudy",0.6706,16:14:00,4.69,6.48,35,2,25,14:20:00,NA,1.83,0.61,13,"sand",NA,NA,15,1,12,"flat",NA,"12/2/2020","Nov",56.94444444,25,40.27777778,0,0,11,"Fall",210,311.0869565,1.073913043,11.89869565,9.368,0.783
"75","Whalers Cove","MPA",2020,12,2,"Partly cloudy",0.6706,16:14:00,4.69,6.48,35,3,25,14:24:00,NA,1.83,0.91,13,"sand","red",NA,10,1,12,"flat",NA,"12/2/2020","Nov",4.166666667,0,4.166666667,0,0,11,"Fall",210,311.0869565,1.073913043,11.89869565,9.368,0.783
"76","Whalers Cove","MPA",2020,12,2,"Partly cloudy",0.6706,16:14:00,4.69,6.48,35,4,25,14:26:00,NA,1.83,0.91,13,"sand",NA,NA,10,1,12,"flat",NA,"12/2/2020","Nov",100,0,100,0,0,11,"Fall",210,311.0869565,1.073913043,11.89869565,9.368,0.783
"77","Whalers Cove","MPA",2020,12,2,"Partly cloudy",0.6706,16:14:00,4.69,6.48,35,5,30,14:28:00,NA,1.83,1.22,13,"sand","macro",NA,10,1,12,"flat",NA,"12/2/2020","Nov",93.05555556,81.25,58.33333333,0,0,11,"Fall",210,311.0869565,1.073913043,11.89869565,9.368,0.783
"78","Whalers Cove","MPA",2020,12,2,"Partly cloudy",0.6706,16:14:00,4.69,6.48,35,6,30,14:31:00,NA,2.13,1.22,13,"sand",NA,NA,15,1,12,"flat",NA,"12/2/2020","Nov",4.166666667,4.166666667,4.166666667,0,4.166666667,11,"Fall",210,311.0869565,1.073913043,11.89869565,9.368,0.783
"79","Carmel","Ref",2020,12,12,"Foggy",-0.1219,13:57:00,0.22,0.45,35,1,0,13:37:00,15:10:00,1.52,3.05,12.5,"sand","drift",NA,40,2.2,11,"trough",NA,"12/12/2020","Dec",9.722222222,0,9.722222222,0,0,12,"Winter",230.4166667,350.0212766,0.92,11.87702128,10.549,0.82
"80","Carmel","Ref",2020,12,12,"Foggy",-0.1219,13:57:00,0.22,0.45,35,2,50,13:53:00,15:15:00,1.52,3.05,12.5,"sand",NA,NA,40,2.2,11,"trough",NA,"12/12/2020","Dec",37.5,83.33333333,9.722222222,0,0,12,"Winter",230.4166667,350.0212766,0.92,11.87702128,10.549,0.82
"81","Carmel","Ref",2020,12,12,"Foggy",-0.1219,13:57:00,0.22,0.45,35,3,50,14:00:00,15:30:00,1.83,0.91,12.5,"sand","drift",NA,50,2.2,11,"trough",NA,"12/12/2020","Dec",43.05555556,36.11111111,6.25,0,8.333333333,12,"Winter",230.4166667,350.0212766,0.92,11.87702128,10.549,0.82
"82","Carmel","Ref",2020,12,12,"Foggy",-0.1219,13:57:00,0.22,0.45,35,4,50,14:11:00,15:35:00,2.44,3.05,12.5,"sand",NA,NA,45,2.2,11,"trough",NA,"12/12/2020","Dec",12.5,8.333333333,4.166666667,0,0,12,"Winter",230.4166667,350.0212766,0.92,11.87702128,10.549,0.82
"83","Carmel","Ref",2020,12,12,"Foggy",-0.1219,13:57:00,0.22,0.45,35,5,40,14:20:00,15:40:00,1.83,3.05,12.5,"sand",NA,NA,40,2.2,11,"flat",NA,"12/12/2020","Dec",12.5,4.166666667,8.333333333,0,0,12,"Winter",230.4166667,350.0212766,0.92,11.87702128,10.549,0.82
"84","Carmel","Ref",2020,12,12,"Foggy",-0.1219,13:57:00,0.22,0.45,35,6,40,14:27:00,15:45:00,1.52,3.05,12.5,"sand",NA,NA,35,2.2,11,"flat",NA,"12/12/2020","Dec",8.333333333,0,4.166666667,0,4.166666667,12,"Winter",230.4166667,350.0212766,0.92,11.87702128,10.549,0.82
"85","Stillwater Cove","Ref",2020,12,6,"Clear",1.0668,08:57:00,0.85,1.61,35,1,-50,08:40:00,10:17:00,1.22,1.52,10.5,"sand",NA,NA,20,0.2,8,"flat","other side of the pier","12/6/2020","Nov",20.83333333,14.58333333,8.333333333,8.333333333,0,11,"Fall",155.8333333,347.8958333,0.797291667,11.73895833,5.87,0.536
"86","Stillwater Cove","Ref",2020,12,6,"Clear",1.0668,08:57:00,0.85,1.61,35,2,0,08:40:00,NA,1.52,1.52,10.5,"sand","red",NA,20,0.2,8,"flat","surrounded by rocks","12/6/2020","Nov",25,0,22.22222222,4.166666667,0,11,"Fall",155.8333333,347.8958333,0.797291667,11.73895833,5.87,0.536
"87","Stillwater Cove","Ref",2020,12,6,"Clear",1.0668,08:57:00,0.85,1.61,35,3,30,08:45:00,NA,1.22,0.61,10.5,"sand",NA,NA,20,0.2,8,"flat",NA,"12/6/2020","Nov",68.05555556,58.33333333,29.16666667,0,0,11,"Fall",155.8333333,347.8958333,0.797291667,11.73895833,5.87,0.536
"88","Stillwater Cove","Ref",2020,12,6,"Clear",1.0668,08:57:00,0.85,1.61,35,4,30,08:45:00,NA,1.22,0.61,10.5,"bedrock",NA,NA,20,0.2,8,"flat",NA,"12/6/2020","Nov",20.83333333,6.25,13.88888889,0,8.333333333,11,"Fall",155.8333333,347.8958333,0.797291667,11.73895833,5.87,0.536
"89","Stillwater Cove","Ref",2020,12,6,"Clear",1.0668,08:57:00,0.85,1.61,35,5,30,08:50:00,NA,1.22,0.61,10.5,"sand","drift",NA,20,0.2,8,"flat",NA,"12/6/2020","Nov",100,84.72222222,22.91666667,0,0,11,"Fall",155.8333333,347.8958333,0.797291667,11.73895833,5.87,0.536
"90","Stillwater Cove","Ref",2020,12,6,"Clear",1.0668,08:57:00,0.85,1.61,35,6,30,08:50:00,10:20:00,1.22,0.61,10.5,"sand","drift",NA,20,0.2,8,"flat",NA,"12/6/2020","Nov",23.61111111,19.44444444,4.166666667,0,4.166666667,11,"Fall",155.8333333,347.8958333,0.797291667,11.73895833,5.87,0.536
"91","Spanish Bay","MPA",2020,12,13,"Misting",0.6401,14:45:00,2.46,4.47,35,1,0,12:20:00,13:35:00,1.68,3.05,11,"sand","macro",NA,75,1.8,11,"flat",NA,"12/13/2020","Dec",31.94444444,6.944444444,58.33333333,0,8.333333333,12,"Winter",160.4166667,332.8125,0.693958333,11.7825,0.223,0.018
"92","Spanish Bay","MPA",2020,12,13,"Misting",0.6401,14:45:00,2.46,4.47,35,2,50,12:20:00,13:35:00,1.22,3.05,11,"sand","nereo",NA,75,1.8,11,"trough",NA,"12/13/2020","Dec",0,0,0,0,0,12,"Winter",160.4166667,332.8125,0.693958333,11.7825,0.223,0.018
"93","Spanish Bay","MPA",2020,12,13,"Misting",0.6401,14:45:00,2.46,4.47,35,3,60,12:30:00,13:45:00,1.22,3.05,11,"sand",NA,NA,75,1.8,11,"trough",NA,"12/13/2020","Dec",0,0,0,0,0,12,"Winter",160.4166667,332.8125,0.693958333,11.7825,0.223,0.018
"94","Spanish Bay","MPA",2020,12,13,"Misting",0.6401,14:45:00,2.46,4.47,35,4,50,12:33:00,13:45:00,1.22,3.05,11,"sand",NA,NA,70,1.8,11,"trough",NA,"12/13/2020","Dec",0,0,0,0,0,12,"Winter",160.4166667,332.8125,0.693958333,11.7825,0.223,0.018
"95","Spanish Bay","MPA",2020,12,13,"Misting",0.6401,14:45:00,2.46,4.47,35,5,50,12:44:00,13:57:00,1.37,3.05,11,"sand",NA,NA,75,1.8,11,"trough",NA,"12/13/2020","Dec",8.333333333,4.166666667,4.166666667,0,5.555555556,12,"Winter",160.4166667,332.8125,0.693958333,11.7825,0.223,0.018
"96","Spanish Bay","MPA",2020,12,13,"Misting",0.6401,14:45:00,2.46,4.47,35,6,50,12:44:00,13:57:00,1.52,3.05,11,"sand","drift",NA,75,1.8,11,"trough",NA,"12/13/2020","Dec",20.83333333,4.166666667,8.333333333,0,8.333333333,12,"Winter",160.4166667,332.8125,0.693958333,11.7825,0.223,0.018
"97","Stillwater Cove","Ref",2020,12,16,"Clear",1.585,03:30:00,0.49,0.94,36,1,0,08:00:00,NA,1.52,0.91,12,"cobble",NA,NA,10,1.5,6,"flat",NA,"12/16/2020","Dec",31.94444444,6.944444444,75,0,0,12,"Winter",100,299.75,1.3075,12.7925,6.143,0.561
"98","Stillwater Cove","Ref",2020,12,16,"Clear",1.585,03:30:00,0.49,0.94,36,2,40,08:05:00,NA,1.52,0.91,12,"sand",NA,NA,10,1.5,6,"flat",NA,"12/16/2020","Dec",20.83333333,29.16666667,6.25,0,0,12,"Winter",100,299.75,1.3075,12.7925,6.143,0.561
"99","Stillwater Cove","Ref",2020,12,16,"Clear",1.585,03:30:00,0.49,0.94,36,3,30,08:07:00,NA,1.52,0.61,12,"cobble",NA,NA,10,1.5,6,"flat",NA,"12/16/2020","Dec",8.333333333,4.166666667,5.555555556,0,4.166666667,12,"Winter",100,299.75,1.3075,12.7925,6.143,0.561
"100","Stillwater Cove","Ref",2020,12,16,"Clear",1.585,03:30:00,0.49,0.94,36,4,30,08:09:00,NA,1.52,0.61,12,"cobble",NA,NA,10,1.5,6,"flat",NA,"12/16/2020","Dec",0,0,0,0,0,12,"Winter",100,299.75,1.3075,12.7925,6.143,0.561
"101","Stillwater Cove","Ref",2020,12,16,"Clear",1.585,03:30:00,0.49,0.94,36,5,30,08:11:00,NA,1.52,0.3,12,"sand",NA,NA,10,1.5,6,"flat",NA,"12/16/2020","Dec",20.83333333,15.27777778,5.555555556,0,0,12,"Winter",100,299.75,1.3075,12.7925,6.143,0.561
"102","Stillwater Cove","Ref",2020,12,16,"Clear",1.585,03:30:00,0.49,0.94,36,6,30,08:14:00,NA,1.52,0.3,12,"cobble",NA,NA,10,1.5,6,"flat",NA,"12/16/2020","Dec",70.83333333,93.75,12.5,0,0,12,"Winter",100,299.75,1.3075,12.7925,6.143,0.561
"103","Whalers Cove","MPA",2020,12,18,"Clear",1.4021,04:40:00,1.56,1.92,35,1,0,08:35:00,09:45:00,2.44,0.61,11,"coarse sand",NA,NA,10,1.5,6,"flat",NA,"12/18/2020","Dec",12.5,12.5,0,0,0,12,"Winter",163.3333333,345.1458333,1.633958333,11.05354167,8.702,0.82
"104","Whalers Cove","MPA",2020,12,18,"Clear",1.4021,04:40:00,1.56,1.92,35,2,40,08:38:00,NA,2.13,0.61,11,"sand",NA,NA,10,1.5,6,"flat",NA,"12/18/2020","Dec",8.333333333,6.25,0,0,4.166666667,12,"Winter",163.3333333,345.1458333,1.633958333,11.05354167,8.702,0.82
"105","Whalers Cove","MPA",2020,12,18,"Clear",1.4021,04:40:00,1.56,1.92,35,3,40,08:40:00,NA,2.13,0.61,11,"sand",NA,NA,10,1.5,6,"flat",NA,"12/18/2020","Dec",18.05555556,10.41666667,25,0,4.166666667,12,"Winter",163.3333333,345.1458333,1.633958333,11.05354167,8.702,0.82
"106","Whalers Cove","MPA",2020,12,18,"Clear",1.4021,04:40:00,1.56,1.92,35,4,40,08:43:00,NA,2.44,0.3,11,"sand","drift",NA,10,1.5,6,"flat",NA,"12/18/2020","Dec",111.1111111,6.944444444,86.11111111,0,54.16666667,12,"Winter",163.3333333,345.1458333,1.633958333,11.05354167,8.702,0.82
"107","Whalers Cove","MPA",2020,12,18,"Clear",1.4021,04:40:00,1.56,1.92,35,5,40,08:45:00,NA,2.13,0.3,11,"bedrock","drift",NA,10,1.5,6,"flat",NA,"12/18/2020","Dec",25,19.44444444,8.333333333,0,0,12,"Winter",163.3333333,345.1458333,1.633958333,11.05354167,8.702,0.82
"108","Whalers Cove","MPA",2020,12,18,"Clear",1.4021,04:40:00,1.56,1.92,35,6,40,08:50:00,10:09:00,1.83,0.3,11,"bedrock","drift",NA,10,1.5,6,"slope",NA,"12/18/2020","Dec",0,0,0,0,0,12,"Winter",163.3333333,345.1458333,1.633958333,11.05354167,8.702,0.82
"109","Spanish Bay","MPA",2021,1,22,"Partly cloudy",1.1583,12:01:00,0,0,33,1,0,07:50:00,NA,1.52,0.61,11,"sand",NA,NA,20,2,11,"flat",NA,"1/22/2021","Jan",4.166666667,0,0,0,4.166666667,1,"Winter",254.5833333,350.5625,0.947916667,12.25666667,3.736,0.405
"110","Spanish Bay","MPA",2021,1,22,"Partly cloudy",1.1583,12:01:00,0,0,33,2,20,07:58:00,NA,2.44,0.91,11,"sand",NA,NA,30,2,11,"flat",NA,"1/22/2021","Jan",0,0,0,0,0,1,"Winter",254.5833333,350.5625,0.947916667,12.25666667,3.736,0.405
"111","Spanish Bay","MPA",2021,1,22,"Partly cloudy",1.1583,12:01:00,0,0,33,3,30,08:00:00,NA,2.13,1.37,11,"sand",NA,NA,30,2,11,"flat",NA,"1/22/2021","Jan",4.166666667,0,0,0,4.166666667,1,"Winter",254.5833333,350.5625,0.947916667,12.25666667,3.736,0.405
"112","Spanish Bay","MPA",2021,1,22,"Partly cloudy",1.1583,12:01:00,0,0,33,4,30,08:10:00,NA,2.44,1.83,11,"sand",NA,NA,40,2,11,"trough",NA,"1/22/2021","Jan",0,0,0,0,0,1,"Winter",254.5833333,350.5625,0.947916667,12.25666667,3.736,0.405
"113","Spanish Bay","MPA",2021,1,22,"Partly cloudy",1.1583,12:01:00,0,0,33,5,10,08:12:00,NA,2.13,0.91,11,"sand",NA,NA,40,2,11,"flat",NA,"1/22/2021","Jan",0,0,0,0,0,1,"Winter",254.5833333,350.5625,0.947916667,12.25666667,3.736,0.405
"114","Spanish Bay","MPA",2021,1,22,"Partly cloudy",1.1583,12:01:00,0,0,33,6,40,08:20:00,NA,2.44,1.83,11,"sand",NA,NA,50,2,11,"crest",NA,"1/22/2021","Jan",0,0,0,0,0,1,"Winter",254.5833333,350.5625,0.947916667,12.25666667,3.736,0.405
"115","Carmel","Ref",2021,1,30,"Cloudy",0.4572,18:08:00,0.89,1.39,35,1,0,15:00:00,NA,1.52,1.22,11,"sand",NA,NA,90,2,12,"flat",NA,"1/30/2021","Jan",6.25,0,4.166666667,0,4.166666667,1,"Winter",147.9166667,348.6875,1.043958333,11.37658537,-0.517,-0.061
"116","Carmel","Ref",2021,1,30,"Cloudy",0.4572,18:08:00,0.89,1.39,35,2,50,15:20:00,NA,1.83,1.22,11,"sand",NA,NA,100,2,12,"flat",NA,"1/30/2021","Jan",4.166666667,0,4.166666667,0,0,1,"Winter",147.9166667,348.6875,1.043958333,11.37658537,-0.517,-0.061
"117","Carmel","Ref",2021,1,30,"Cloudy",0.4572,18:08:00,0.89,1.39,35,3,50,15:20:00,NA,1.83,0.91,11,"sand",NA,NA,100,2,12,"trough",NA,"1/30/2021","Jan",4.166666667,0,4.166666667,0,0,1,"Winter",147.9166667,348.6875,1.043958333,11.37658537,-0.517,-0.061
"118","Carmel","Ref",2021,1,30,"Cloudy",0.4572,18:08:00,0.89,1.39,35,4,50,15:30:00,NA,1.83,1.22,11,"sand",NA,NA,100,2,12,"flat",NA,"1/30/2021","Jan",0,0,0,0,0,1,"Winter",147.9166667,348.6875,1.043958333,11.37658537,-0.517,-0.061
"119","Carmel","Ref",2021,1,30,"Cloudy",0.4572,18:08:00,0.89,1.39,35,5,50,15:30:00,NA,1.52,0.91,11,"sand",NA,NA,100,2,12,"flat",NA,"1/30/2021","Jan",4.166666667,0,0,0,4.166666667,1,"Winter",147.9166667,348.6875,1.043958333,11.37658537,-0.517,-0.061
"120","Carmel","Ref",2021,1,30,"Cloudy",0.4572,18:08:00,0.89,1.39,35,6,50,15:40:00,NA,1.83,1.22,11,"sand",NA,NA,100,2,12,"flat",NA,"1/30/2021","Jan",4.166666667,0,0,0,4.166666667,1,"Winter",147.9166667,348.6875,1.043958333,11.37658537,-0.517,-0.061
"121","Spanish Bay","MPA",2021,2,10,"Clear",-0.2438,15:55:00,0.89,1.07,35,1,0,14:50:00,NA,1.52,3.05,9,"sand","pterry",NA,120,1.5,7,"flat",NA,"2/10/2021","Feb",4.166666667,0,4.166666667,0,0,2,"Winter",267.2,349.125,0.506041667,12.81541667,3.393,0.329
"122","Spanish Bay","MPA",2021,2,10,"Clear",-0.2438,15:55:00,0.89,1.07,35,2,40,NA,NA,1.52,3.05,9,"sand",NA,NA,110,1.5,7,"flat",NA,"2/10/2021","Feb",13.88888889,0,8.333333333,0,5.555555556,2,"Winter",267.2,349.125,0.506041667,12.81541667,3.393,0.329
"123","Spanish Bay","MPA",2021,2,10,"Clear",-0.2438,15:55:00,0.89,1.07,35,3,30,NA,NA,1.22,3.05,9,"sand",NA,NA,110,1.5,7,"flat",NA,"2/10/2021","Feb",6.25,0,0,0,6.25,2,"Winter",267.2,349.125,0.506041667,12.81541667,3.393,0.329
"124","Spanish Bay","MPA",2021,2,10,"Clear",-0.2438,15:55:00,0.89,1.07,35,4,60,NA,NA,1.52,3.05,9,"sand",NA,NA,100,1.5,7,"flat",NA,"2/10/2021","Feb",12.5,12.5,12.5,0,0,2,"Winter",267.2,349.125,0.506041667,12.81541667,3.393,0.329
"125","Spanish Bay","MPA",2021,2,10,"Clear",-0.2438,15:55:00,0.89,1.07,35,5,30,NA,NA,1.22,3.05,9,"sand",NA,NA,130,1.5,7,"flat",NA,"2/10/2021","Feb",8.333333333,0,4.166666667,0,6.25,2,"Winter",267.2,349.125,0.506041667,12.81541667,3.393,0.329
"126","Spanish Bay","MPA",2021,2,10,"Clear",-0.2438,15:55:00,0.89,1.07,35,6,30,15:20:00,NA,1.22,3.05,9,"sand",NA,NA,130,1.5,7,"flat",NA,"2/10/2021","Feb",6.944444444,0,0,0,6.944444444,2,"Winter",267.2,349.125,0.506041667,12.81541667,3.393,0.329
"127","Whalers Cove","MPA",2021,2,8,"Cloudy",-0.3048,13:42:00,1.56,NA,35,1,0,14:04:00,NA,2.44,3.05,9,"sand","macro",NA,10,1.2,10,"trough",NA,"2/8/2021","Jan",29.16666667,0,29.16666667,0,0,1,"Winter",191.25,344.0208333,0.765833333,12.47791667,9.152,0.942
"128","Whalers Cove","MPA",2021,2,8,"Cloudy",-0.3048,13:42:00,1.56,NA,35,2,50,14:09:00,NA,1.83,1.52,9,"sand",NA,NA,5,1.2,10,"flat",NA,"2/8/2021","Jan",0,0,0,0,0,1,"Winter",191.25,344.0208333,0.765833333,12.47791667,9.152,0.942
"129","Whalers Cove","MPA",2021,2,8,"Cloudy",-0.3048,13:42:00,1.56,NA,35,3,50,14:11:00,NA,1.52,1.52,9,"bedrock","phyllospadix",NA,10,1.2,10,"flat",NA,"2/8/2021","Jan",94.44444444,6.25,8.333333333,0,87.5,1,"Winter",191.25,344.0208333,0.765833333,12.47791667,9.152,0.942
"130","Whalers Cove","MPA",2021,2,8,"Cloudy",-0.3048,13:42:00,1.56,NA,35,4,50,14:16:00,NA,2.13,1.83,9,"sand","nereo",NA,10,1.2,10,"flat",NA,"2/8/2021","Jan",19.44444444,0,27.08333333,0,4.166666667,1,"Winter",191.25,344.0208333,0.765833333,12.47791667,9.152,0.942
"131","Whalers Cove","MPA",2021,2,8,"Cloudy",-0.3048,13:42:00,1.56,NA,35,5,50,14:19:00,NA,1.52,1.52,9,"bedrock","phyllospadix",NA,10,1.2,10,"trough",NA,"2/8/2021","Jan",6.944444444,0,4.166666667,0,5.555555556,1,"Winter",191.25,344.0208333,0.765833333,12.47791667,9.152,0.942
"132","Whalers Cove","MPA",2021,2,8,"Cloudy",-0.3048,13:42:00,1.56,NA,35,6,50,14:22:00,NA,1.22,1.22,9,"bedrock","macro","black surfperch",10,1.2,10,"flat",NA,"2/8/2021","Jan",6.25,4.166666667,8.333333333,0,0,1,"Winter",191.25,344.0208333,0.765833333,12.47791667,9.152,0.942
"133","Stillwater Cove","Ref",2021,1,24,"Cloudy",0.4572,14:17:00,0.67,1.16,37,1,-30,11:35:00,NA,1.52,2.44,10,"sand",NA,NA,50,0.2,11,"flat",NA,"1/24/2021","Jan",0,0,0,0,0,1,"Winter",267.9166667,345.7291667,1.364166667,11.05125,18.614,1.904
"134","Stillwater Cove","Ref",2021,1,24,"Cloudy",0.4572,14:17:00,0.67,1.16,37,2,0,11:35:00,NA,1.52,1.22,10,"sand","macro",NA,40,0.2,11,"flat",NA,"1/24/2021","Jan",8.333333333,4.166666667,4.166666667,0,0,1,"Winter",267.9166667,345.7291667,1.364166667,11.05125,18.614,1.904
"135","Stillwater Cove","Ref",2021,1,24,"Cloudy",0.4572,14:17:00,0.67,1.16,37,3,40,11:45:00,NA,1.68,0.3,10,"boulder",NA,NA,40,0.2,11,"flat",NA,"1/24/2021","Jan",8.333333333,4.166666667,12.5,0,0,1,"Winter",267.9166667,345.7291667,1.364166667,11.05125,18.614,1.904
"136","Stillwater Cove","Ref",2021,1,24,"Cloudy",0.4572,14:17:00,0.67,1.16,37,4,60,11:45:00,NA,1.52,0.61,10,"bedrock","egregia",NA,30,0.2,11,"flat",NA,"1/24/2021","Jan",12.5,0,12.5,0,12.5,1,"Winter",267.9166667,345.7291667,1.364166667,11.05125,18.614,1.904
"137","Stillwater Cove","Ref",2021,1,24,"Cloudy",0.4572,14:17:00,0.67,1.16,37,5,30,11:45:00,NA,1.52,0.61,10,"bedrock",NA,NA,20,0.2,11,"flat",NA,"1/24/2021","Jan",29.16666667,19.44444444,8.333333333,0,4.166666667,1,"Winter",267.9166667,345.7291667,1.364166667,11.05125,18.614,1.904
"138","Stillwater Cove","Ref",2021,1,24,"Cloudy",0.4572,14:17:00,0.67,1.16,37,6,30,11:50:00,NA,1.52,0.3,10,"bedrock",NA,NA,30,0.2,11,"flat",NA,"1/24/2021","Jan",43.05555556,29.16666667,20.83333333,0,4.166666667,1,"Winter",267.9166667,345.7291667,1.364166667,11.05125,18.614,1.904
"139","Whalers Cove","MPA",2021,2,24,"Clear",-0.2134,14:57:00,1.65,2.01,37,1,0,14:30:00,NA,1.83,1.07,7,"sand","macro",NA,10,1.6,8,"flat",NA,"2/24/2021","Feb",11.11111111,0,8.333333333,0,8.333333333,2,"Winter",284.7826087,347.4130435,1.67326087,10.90369565,5.764,0.443
"140","Whalers Cove","MPA",2021,2,24,"Clear",-0.2134,14:57:00,1.65,2.01,37,2,50,14:36:00,NA,1.83,0.91,7,"sand","macro",NA,8,1.6,8,"flat",NA,"2/24/2021","Feb",63.88888889,8.333333333,61.11111111,0,0,2,"Winter",284.7826087,347.4130435,1.67326087,10.90369565,5.764,0.443
"141","Whalers Cove","MPA",2021,2,24,"Clear",-0.2134,14:57:00,1.65,2.01,37,3,50,14:39:00,NA,1.98,1.22,7,"cobble","drift",NA,5,1.6,8,"flat",NA,"2/24/2021","Feb",69.44444444,83.33333333,20.83333333,0,0,2,"Winter",284.7826087,347.4130435,1.67326087,10.90369565,5.764,0.443
"142","Whalers Cove","MPA",2021,2,24,"Clear",-0.2134,14:57:00,1.65,2.01,37,4,50,14:43:00,NA,1.52,0.91,7,"bedrock","drift","moon jelly",5,1.6,8,"flat",NA,"2/24/2021","Feb",6.944444444,4.166666667,6.25,0,0,2,"Winter",284.7826087,347.4130435,1.67326087,10.90369565,5.764,0.443
"143","Whalers Cove","MPA",2021,2,24,"Clear",-0.2134,14:57:00,1.65,2.01,37,5,50,14:49:00,NA,1.98,0.91,7,"cobble","drift",NA,15,1.6,8,"flat",NA,"2/24/2021","Feb",11.11111111,6.25,10.41666667,0,0,2,"Winter",284.7826087,347.4130435,1.67326087,10.90369565,5.764,0.443
"144","Whalers Cove","MPA",2021,2,24,"Clear",-0.2134,14:57:00,1.65,2.01,37,6,50,14:55:00,NA,1.37,0.91,7,"bedrock","drift",NA,20,1.6,8,"flat",NA,"2/24/2021","Feb",20.83333333,8.333333333,27.08333333,0,0,2,"Winter",284.7826087,347.4130435,1.67326087,10.90369565,5.764,0.443
"145","Spanish Bay","MPA",2021,3,14,"Cloudy",0.762,17:58:00,2.64,3.84,36,1,0,14:55:00,NA,1.22,4.57,10,"sand",NA,NA,110,0.2,18,"flat",NA,"3/14/2021","Mar",0,0,0,0,0,3,"Spring",218.797,271.68571,NA,NA,4.292,0.284
"146","Spanish Bay","MPA",2021,3,14,"Cloudy",0.762,17:58:00,2.64,3.84,36,2,50,14:56:00,NA,1.22,4.57,10,"sand",NA,NA,110,0.2,18,"crest",NA,"3/14/2021","Mar",4.166666667,0,4.166666667,0,0,3,"Spring",218.797,271.68571,NA,NA,4.292,0.284
"147","Spanish Bay","MPA",2021,3,14,"Cloudy",0.762,17:58:00,2.64,3.84,36,3,50,15:05:00,NA,1.83,4.57,10,"sand",NA,NA,60,0.2,18,"flat",NA,"3/14/2021","Mar",6.25,0,0,0,6.25,3,"Spring",218.797,271.68571,NA,NA,4.292,0.284
"148","Spanish Bay","MPA",2021,3,14,"Cloudy",0.762,17:58:00,2.64,3.84,36,4,50,15:05:00,NA,1.52,4.57,10,"sand",NA,NA,60,0.2,18,"flat",NA,"3/14/2021","Mar",8.333333333,0,8.333333333,0,0,3,"Spring",218.797,271.68571,NA,NA,4.292,0.284
"149","Spanish Bay","MPA",2021,3,14,"Cloudy",0.762,17:58:00,2.64,3.84,36,5,30,15:20:00,NA,1.83,4.57,10,"sand",NA,NA,60,0.2,18,"flat",NA,"3/14/2021","Mar",13.88888889,4.166666667,10.41666667,0,6.25,3,"Spring",218.797,271.68571,NA,NA,4.292,0.284
"150","Spanish Bay","MPA",2021,3,14,"Cloudy",0.762,17:58:00,2.64,3.84,36,6,70,15:21:00,NA,1.22,4.57,10,"sand",NA,NA,100,0.2,18,"flat",NA,"3/14/2021","Mar",4.166666667,0,0,0,4.166666667,3,"Spring",218.797,271.68571,NA,NA,4.292,0.284
"151","Carmel","Ref",2021,3,1,"Clear",0.6706,17:46:00,5.9,7.15,35,1,0,14:40:00,15:30:00,1.68,3.05,7,"sand",NA,"sand crab",90,1.5,13,"flat",NA,"3/1/2021","Feb",0,0,0,0,0,2,"Winter",144.5833333,348.375,0.87625,11.3475,-4.632,-0.279
"152","Carmel","Ref",2021,3,1,"Clear",0.6706,17:46:00,5.9,7.15,35,2,50,14:40:00,NA,1.52,3.05,7,"sand",NA,NA,100,1.5,13,"flat",NA,"3/1/2021","Feb",0,0,0,0,0,2,"Winter",144.5833333,348.375,0.87625,11.3475,-4.632,-0.279
"153","Carmel","Ref",2021,3,1,"Clear",0.6706,17:46:00,5.9,7.15,35,3,50,14:35:00,NA,1.68,3.05,7,"sand","nereo",NA,110,1.5,13,"trough",NA,"3/1/2021","Feb",0,0,0,0,0,2,"Winter",144.5833333,348.375,0.87625,11.3475,-4.632,-0.279
"154","Carmel","Ref",2021,3,1,"Clear",0.6706,17:46:00,5.9,7.15,35,4,50,14:35:00,NA,1.83,3.05,7,"sand",NA,"smelt",100,1.5,13,"flat",NA,"3/1/2021","Feb",0,0,0,0,0,2,"Winter",144.5833333,348.375,0.87625,11.3475,-4.632,-0.279
"155","Carmel","Ref",2021,3,1,"Clear",0.6706,17:46:00,5.9,7.15,35,5,50,14:45:00,NA,1.52,3.05,7,"sand",NA,NA,110,1.5,13,"flat",NA,"3/1/2021","Feb",4.166666667,0,4.166666667,0,0,2,"Winter",144.5833333,348.375,0.87625,11.3475,-4.632,-0.279
"156","Carmel","Ref",2021,3,1,"Clear",0.6706,17:46:00,5.9,7.15,35,6,50,14:45:00,NA,2.13,0.91,7,"sand",NA,NA,90,1.5,13,"trough",NA,"3/1/2021","Feb",0,0,0,0,0,2,"Winter",144.5833333,348.375,0.87625,11.3475,-4.632,-0.279
"157","Spanish Bay","MPA",2021,4,24,"Clear",0.1524,14:23:00,4.2,5.54,33,1,0,14:40:00,NA,1.52,1.52,8,"sand","egregia","sand crab",110,1.8,10,"crest",NA,"4/24/2021","Apr",0,0,0,0,0,4,"Spring",230.8333333,307.0416667,0.586041667,18.98291667,13.679,0.705
"158","Spanish Bay","MPA",2021,4,24,"Clear",0.1524,14:23:00,4.2,5.54,33,2,40,14:40:00,NA,1.52,1.52,8,"sand",NA,NA,120,1.8,10,"trough",NA,"4/24/2021","Apr",0,0,0,0,0,4,"Spring",230.8333333,307.0416667,0.586041667,18.98291667,13.679,0.705
"159","Spanish Bay","MPA",2021,4,24,"Clear",0.1524,14:23:00,4.2,5.54,33,3,50,14:55:00,NA,1.68,1.52,8,"sand",NA,NA,60,1.8,10,"trough",NA,"4/24/2021","Apr",50,95.83333333,0,0,4.166666667,4,"Spring",230.8333333,307.0416667,0.586041667,18.98291667,13.679,0.705
"160","Spanish Bay","MPA",2021,4,24,"Clear",0.1524,14:23:00,4.2,5.54,33,4,50,14:55:00,NA,1.52,1.52,8,"sand",NA,NA,120,1.8,10,"flat",NA,"4/24/2021","Apr",4.166666667,0,4.166666667,0,0,4,"Spring",230.8333333,307.0416667,0.586041667,18.98291667,13.679,0.705
"161","Spanish Bay","MPA",2021,4,24,"Clear",0.1524,14:23:00,4.2,5.54,33,5,50,15:02:00,NA,1.52,3.05,8,"sand",NA,NA,120,1.8,10,"trough",NA,"4/24/2021","Apr",0,0,0,0,0,4,"Spring",230.8333333,307.0416667,0.586041667,18.98291667,13.679,0.705
"162","Spanish Bay","MPA",2021,4,24,"Clear",0.1524,14:23:00,4.2,5.54,33,6,50,15:02:00,NA,1.52,3.05,8,"sand",NA,NA,120,1.8,10,"trough",NA,"4/24/2021","Apr",4.166666667,0,4.166666667,0,0,4,"Spring",230.8333333,307.0416667,0.586041667,18.98291667,13.679,0.705
"163","Carmel","Ref",2021,3,17,"Clear",0.2743,07:49:00,0.58,0.76,36,1,0,08:45:00,NA,1.52,3.05,8,"sand",NA,NA,100,1.8,13,"flat",NA,"3/17/2021","Mar",6.25,0,6.25,0,0,3,"Spring",236.6666667,271.68571,NA,NA,11.307,0.663
"164","Carmel","Ref",2021,3,17,"Clear",0.2743,07:49:00,0.58,0.76,36,2,30,08:50:00,NA,1.22,3.05,8,"sand",NA,NA,100,1.8,13,"flat",NA,"3/17/2021","Mar",15.27777778,4.166666667,11.11111111,0,4.166666667,3,"Spring",236.6666667,271.68571,NA,NA,11.307,0.663
"165","Carmel","Ref",2021,3,17,"Clear",0.2743,07:49:00,0.58,0.76,36,3,100,09:05:00,NA,1.52,3.05,8,"sand",NA,NA,90,1.8,13,"trough",NA,"3/17/2021","Mar",4.166666667,0,4.166666667,0,0,3,"Spring",236.6666667,271.68571,NA,NA,11.307,0.663
"166","Carmel","Ref",2021,3,17,"Clear",0.2743,07:49:00,0.58,0.76,36,4,50,09:05:00,NA,1.22,3.05,8,"sand",NA,NA,70,1.8,13,"flat",NA,"3/17/2021","Mar",0,0,0,0,0,3,"Spring",236.6666667,271.68571,NA,NA,11.307,0.663
"167","Carmel","Ref",2021,3,17,"Clear",0.2743,07:49:00,0.58,0.76,36,5,50,09:15:00,NA,1.52,3.05,8,"sand",NA,NA,80,1.8,13,"flat",NA,"3/17/2021","Mar",4.166666667,0,4.166666667,0,0,3,"Spring",236.6666667,271.68571,NA,NA,11.307,0.663
"168","Carmel","Ref",2021,3,17,"Clear",0.2743,07:49:00,0.58,0.76,36,6,50,09:15:00,NA,1.22,3.05,8,"sand",NA,NA,70,1.8,13,"flat",NA,"3/17/2021","Mar",0,0,0,0,0,3,"Spring",236.6666667,271.68571,NA,NA,11.307,0.663
"169","Whalers Cove","MPA",2021,3,24,"Clear",-0.1219,13:39:00,0.04,0.13,36,1,0,14:47:00,NA,1.83,1.83,7.5,"sand",NA,NA,10,0.3,6,"trough",NA,"3/24/2021","Mar",4.166666667,4.166666667,4.166666667,0,0,3,"Spring",257.0833333,271.68571,NA,NA,31.351,1.549
"170","Whalers Cove","MPA",2021,3,24,"Clear",-0.1219,13:39:00,0.04,0.13,36,2,30,14:52:00,NA,2.13,1.52,7.5,"sand","ulva",NA,10,0.3,6,"flat",NA,"3/24/2021","Mar",48.61111111,26.38888889,22.22222222,0,0,3,"Spring",257.0833333,271.68571,NA,NA,31.351,1.549
"171","Whalers Cove","MPA",2021,3,24,"Clear",-0.1219,13:39:00,0.04,0.13,36,3,60,14:57:00,NA,1.22,0.3,7.5,"bedrock","pterry",NA,10,0.3,6,"flat",NA,"3/24/2021","Mar",66.66666667,41.66666667,37.5,0,0,3,"Spring",257.0833333,271.68571,NA,NA,31.351,1.549
"172","Whalers Cove","MPA",2021,3,24,"Clear",-0.1219,13:39:00,0.04,0.13,36,4,30,16:00:00,NA,0.91,0.3,7.5,"sand","phyllospadix",NA,10,0.3,6,"flat",NA,"3/24/2021","Mar",30.55555556,0,30.55555556,0,0,3,"Spring",257.0833333,271.68571,NA,NA,31.351,1.549
"173","Whalers Cove","MPA",2021,3,24,"Clear",-0.1219,13:39:00,0.04,0.13,36,5,100,16:07:00,NA,1.52,0.91,7.5,"sand",NA,NA,10,0.3,6,"flat",NA,"3/24/2021","Mar",8.333333333,4.166666667,5.555555556,0,0,3,"Spring",257.0833333,271.68571,NA,NA,31.351,1.549
"174","Whalers Cove","MPA",2021,3,24,"Clear",-0.1219,13:39:00,0.04,0.13,36,6,50,15:12:00,NA,1.52,0.3,7.5,"sand","ulva",NA,10,0.3,6,"flat",NA,"3/24/2021","Mar",100,0,100,0,0,3,"Spring",257.0833333,271.68571,NA,NA,31.351,1.549
"175","Stillwater Cove","Ref",2021,2,22,"Clear",-0.0305,13:43:00,1.43,3.17,35,1,-50,13:45:00,NA,1.52,2.13,9,"sand",NA,NA,100,0.2,9,"flat",NA,"2/22/2021","Feb",0,0,0,0,0,2,"Winter",170,346.2765957,1.131702128,11.14170213,9.202,0.677
"176","Stillwater Cove","Ref",2021,2,22,"Clear",-0.0305,13:43:00,1.43,3.17,35,2,0,13:45:00,NA,1.52,2.13,9,"sand","egregia",NA,90,0.2,9,"flat",NA,"2/22/2021","Feb",4.166666667,0,4.166666667,0,0,2,"Winter",170,346.2765957,1.131702128,11.14170213,9.202,0.677
"177","Stillwater Cove","Ref",2021,2,22,"Clear",-0.0305,13:43:00,1.43,3.17,35,3,30,13:55:00,NA,1.52,0.61,9,"sand","phyllospadix",NA,100,0.2,9,"flat",NA,"2/22/2021","Feb",45.83333333,29.16666667,31.25,0,0,2,"Winter",170,346.2765957,1.131702128,11.14170213,9.202,0.677
"178","Stillwater Cove","Ref",2021,2,22,"Clear",-0.0305,13:43:00,1.43,3.17,35,4,30,13:55:00,NA,1.22,0.61,9,"bedrock",NA,NA,90,0.2,9,"flat",NA,"2/22/2021","Feb",63.88888889,16.66666667,36.11111111,0,25,2,"Winter",170,346.2765957,1.131702128,11.14170213,9.202,0.677
"179","Stillwater Cove","Ref",2021,2,22,"Clear",-0.0305,13:43:00,1.43,3.17,35,5,70,14:05:00,NA,1.52,0.3,9,"sand",NA,NA,100,0.2,9,"flat",NA,"2/22/2021","Feb",9.722222222,8.333333333,4.166666667,0,8.333333333,2,"Winter",170,346.2765957,1.131702128,11.14170213,9.202,0.677
"180","Stillwater Cove","Ref",2021,2,22,"Clear",-0.0305,13:43:00,1.43,3.17,35,6,30,14:05:00,NA,1.52,0.3,9,"sand","phyllospadix",NA,80,0.2,9,"hole",NA,"2/22/2021","Feb",26.38888889,0,22.22222222,0,6.25,2,"Winter",170,346.2765957,1.131702128,11.14170213,9.202,0.677
"181","Stillwater Cove","Ref",2021,5,18,"Cloudy",0.3048,07:49:00,7,NA,33,1,-50,09:40:00,NA,1.37,0.91,8,"sand",NA,NA,50,0.1,7,"flat","other side of the pier","5/18/2021","May",29.16666667,0,54.16666667,4.166666667,0,5,"Spring",284.7826087,333.4583333,0.818333333,11.15625,14.869,1.019
"182","Stillwater Cove","Ref",2021,5,18,"Cloudy",0.3048,07:49:00,7,NA,33,2,0,09:45:00,NA,1.52,0.61,8,"sand",NA,NA,40,0.1,7,"flat",NA,"5/18/2021","May",0,0,0,0,0,5,"Spring",284.7826087,333.4583333,0.818333333,11.15625,14.869,1.019
"183","Stillwater Cove","Ref",2021,5,18,"Cloudy",0.3048,07:49:00,7,NA,33,3,30,09:53:00,NA,1.52,0.61,8,"bedrock","egregia",NA,30,0.1,7,"slope",NA,"5/18/2021","May",36.11111111,0,33.33333333,8.333333333,0,5,"Spring",284.7826087,333.4583333,0.818333333,11.15625,14.869,1.019
"184","Stillwater Cove","Ref",2021,5,18,"Cloudy",0.3048,07:49:00,7,NA,33,4,30,10:00:00,NA,0.91,0.15,8,"sand","drift",NA,20,0.1,7,"flat",NA,"5/18/2021","May",14.58333333,0,12.5,4.166666667,0,5,"Spring",284.7826087,333.4583333,0.818333333,11.15625,14.869,1.019
"185","Stillwater Cove","Ref",2021,5,18,"Cloudy",0.3048,07:49:00,7,NA,33,5,100,10:15:00,NA,1.22,0.3,8,"cobble","drift",NA,15,0.1,7,"flat",NA,"5/18/2021","May",98.61111111,64.58333333,100,62.5,4.166666667,5,"Spring",284.7826087,333.4583333,0.818333333,11.15625,14.869,1.019
"186","Stillwater Cove","Ref",2021,5,18,"Cloudy",0.3048,07:49:00,7,NA,33,6,NA,10:15:00,NA,1.22,0.3,8,"sand",NA,NA,20,0.1,7,"flat",NA,"5/18/2021","May",33.33333333,0,45.83333333,20.83333333,0,5,"Spring",284.7826087,333.4583333,0.818333333,11.15625,14.869,1.019
"187","Carmel","Ref",2021,4,17,"Partly cloudy",0.0914,09:05:00,4,NA,33,1,0,09:51:00,NA,1.68,1.52,8,"sand",NA,NA,80,2,10,"flat",NA,"4/17/2021","Apr",58.33333333,58.33333333,0,0,0,4,"Spring",288.3333333,348.9787234,0.782765957,12.19425532,21.166,1.126
"188","Carmel","Ref",2021,4,17,"Partly cloudy",0.0914,09:05:00,4,NA,33,2,40,09:52:00,NA,1.52,1.52,8,"sand","drift",NA,80,2,10,"flat",NA,"4/17/2021","Apr",16.66666667,0,16.66666667,0,0,4,"Spring",288.3333333,348.9787234,0.782765957,12.19425532,21.166,1.126
"189","Carmel","Ref",2021,4,17,"Partly cloudy",0.0914,09:05:00,4,NA,33,3,100,10:04:00,NA,1.52,1.83,8,"sand","green",NA,80,2,10,"flat",NA,"4/17/2021","Apr",12.5,12.5,0,0,0,4,"Spring",288.3333333,348.9787234,0.782765957,12.19425532,21.166,1.126
"190","Carmel","Ref",2021,4,17,"Partly cloudy",0.0914,09:05:00,4,NA,33,4,50,10:05:00,NA,1.52,1.52,8,"sand","drift",NA,80,2,10,"flat",NA,"4/17/2021","Apr",12.5,0,12.5,0,0,4,"Spring",288.3333333,348.9787234,0.782765957,12.19425532,21.166,1.126
"191","Carmel","Ref",2021,4,17,"Partly cloudy",0.0914,09:05:00,4,NA,33,5,50,10:15:00,NA,1.83,2.13,8,"sand",NA,NA,80,2,10,"flat",NA,"4/17/2021","Apr",0,0,0,0,0,4,"Spring",288.3333333,348.9787234,0.782765957,12.19425532,21.166,1.126
"192","Carmel","Ref",2021,4,17,"Partly cloudy",0.0914,09:05:00,4,NA,33,6,50,10:16:00,NA,1.52,1.52,8,"sand","drift",NA,80,2,10,"flat",NA,"4/17/2021","Apr",0,0,0,0,0,4,"Spring",288.3333333,348.9787234,0.782765957,12.19425532,21.166,1.126
"193","Whalers Cove","MPA",2021,4,30,"Clear",-0.3658,08:02:00,2.46,3.22,36,1,0,08:50:00,NA,1.52,1.22,9,"sand","pterry",NA,10,0.2,8,"flat",NA,"4/30/2021","Apr",33.33333333,13.88888889,27.08333333,0,4.166666667,4,"Spring",302.0833333,338.4375,0.8575,11.12145833,21.019,1.252
"194","Whalers Cove","MPA",2021,4,30,"Clear",-0.3658,08:02:00,2.46,3.22,36,2,60,08:50:00,NA,1.52,1.52,9,"bedrock","red",NA,10,0.2,8,"flat",NA,"4/30/2021","Apr",16.66666667,6.25,12.5,0,0,4,"Spring",302.0833333,338.4375,0.8575,11.12145833,21.019,1.252
"195","Whalers Cove","MPA",2021,4,30,"Clear",-0.3658,08:02:00,2.46,3.22,36,3,30,08:57:00,NA,1.52,1.52,9,"bedrock",NA,NA,10,0.2,8,"flat",NA,"4/30/2021","Apr",43.05555556,4.166666667,40.27777778,0,0,4,"Spring",302.0833333,338.4375,0.8575,11.12145833,21.019,1.252
"196","Whalers Cove","MPA",2021,4,30,"Clear",-0.3658,08:02:00,2.46,3.22,36,4,30,08:57:00,NA,1.52,1.52,9,"sand","phyllospadix",NA,10,0.2,8,"flat",NA,"4/30/2021","Apr",45.83333333,18.75,30.55555556,0,4.166666667,4,"Spring",302.0833333,338.4375,0.8575,11.12145833,21.019,1.252
"197","Whalers Cove","MPA",2021,4,30,"Clear",-0.3658,08:02:00,2.46,3.22,36,5,30,09:08:00,NA,1.52,1.52,9,"bedrock",NA,NA,10,0.2,8,"flat",NA,"4/30/2021","Apr",27.77777778,16.66666667,14.58333333,4.166666667,0,4,"Spring",302.0833333,338.4375,0.8575,11.12145833,21.019,1.252
"198","Whalers Cove","MPA",2021,4,30,"Clear",-0.3658,08:02:00,2.46,3.22,36,6,30,09:08:00,NA,1.22,0.61,9,"bedrock","drift",NA,10,0.2,8,"flat",NA,"4/30/2021","Apr",100,98.61111111,0,0,4.166666667,4,"Spring",302.0833333,338.4375,0.8575,11.12145833,21.019,1.252
"199","Stillwater Cove","Ref",2021,3,28,"Clear",0.5182,16:58:00,1.74,3.26,36,1,0,14:20:00,NA,1.52,2.13,9,"sand","drift",NA,50,0.1,7,"flat",NA,"3/28/2021","Mar",4.166666667,0,0,0,4.166666667,3,"Spring",202.9166667,309.875,NA,NA,-2.767,-0.147
"200","Stillwater Cove","Ref",2021,3,28,"Clear",0.5182,16:58:00,1.74,3.26,36,2,50,14:25:00,NA,1.52,2.13,9,"sand","drift",NA,40,0.1,7,"flat",NA,"3/28/2021","Mar",6.25,0,4.166666667,0,4.166666667,3,"Spring",202.9166667,309.875,NA,NA,-2.767,-0.147
"201","Stillwater Cove","Ref",2021,3,28,"Clear",0.5182,16:58:00,1.74,3.26,36,3,50,14:30:00,NA,1.22,0.91,9,"sand","red",NA,35,0.1,7,"flat",NA,"3/28/2021","Mar",16.66666667,8.333333333,0,0,8.333333333,3,"Spring",202.9166667,309.875,NA,NA,-2.767,-0.147
"202","Stillwater Cove","Ref",2021,3,28,"Clear",0.5182,16:58:00,1.74,3.26,36,4,50,14:39:00,NA,1.22,0.91,9,"bedrock","red","fish",30,0.1,7,"flat",NA,"3/28/2021","Mar",56.94444444,34.72222222,20.83333333,4.166666667,0,3,"Spring",202.9166667,309.875,NA,NA,-2.767,-0.147
"203","Stillwater Cove","Ref",2021,3,28,"Clear",0.5182,16:58:00,1.74,3.26,36,5,50,14:48:00,NA,1.52,1.52,9,"sand","drift",NA,5,0.1,7,"flat",NA,"3/28/2021","Mar",86.11111111,37.5,47.22222222,0,4.166666667,3,"Spring",202.9166667,309.875,NA,NA,-2.767,-0.147
"204","Stillwater Cove","Ref",2021,3,28,"Clear",0.5182,16:58:00,1.74,3.26,36,6,50,14:54:00,NA,1.22,1.52,9,"sand","pterry","round stingray",20,0.1,7,"flat",NA,"3/28/2021","Mar",58.33333333,0,58.33333333,0,0,3,"Spring",202.9166667,309.875,NA,NA,-2.767,-0.147
"205","Whalers Cove","MPA",2021,5,29,"Misting",-0.3962,06:53:00,0.98,1.3,36,1,0,08:50:00,NA,1.22,3.05,8.5,"sand",NA,NA,5,0.1,10,"flat",NA,"5/29/2021","May",34.72222222,8.333333333,29.16666667,0,4.166666667,5,"Spring",270.4347826,345.0833333,1.115208333,10.62395833,30.45,1.761
"206","Whalers Cove","MPA",2021,5,29,"Misting",-0.3962,06:53:00,0.98,1.3,36,2,50,08:53:00,NA,1.22,3.05,8.5,"sand",NA,NA,5,0.1,10,"flat",NA,"5/29/2021","May",6.944444444,4.166666667,4.166666667,8.333333333,0,5,"Spring",270.4347826,345.0833333,1.115208333,10.62395833,30.45,1.761
"207","Whalers Cove","MPA",2021,5,29,"Misting",-0.3962,06:53:00,0.98,1.3,36,3,50,08:53:00,NA,1.52,1.52,8.5,"sand",NA,NA,5,0.1,10,"flat",NA,"5/29/2021","May",5.555555556,0,4.166666667,0,4.166666667,5,"Spring",270.4347826,345.0833333,1.115208333,10.62395833,30.45,1.761
"208","Whalers Cove","MPA",2021,5,29,"Misting",-0.3962,06:53:00,0.98,1.3,36,4,25,09:00:00,NA,0.91,1.52,8.5,"sand","phyllospadix",NA,5,0.1,10,"flat",NA,"5/29/2021","May",31.94444444,6.944444444,0,0,25,5,"Spring",270.4347826,345.0833333,1.115208333,10.62395833,30.45,1.761
"209","Whalers Cove","MPA",2021,5,29,"Misting",-0.3962,06:53:00,0.98,1.3,36,5,50,09:03:00,NA,1.22,1.22,8.5,"sand","egregia",NA,5,0.1,10,"flat",NA,"5/29/2021","May",6.25,0,4.166666667,0,4.166666667,5,"Spring",270.4347826,345.0833333,1.115208333,10.62395833,30.45,1.761
"210","Whalers Cove","MPA",2021,5,29,"Misting",-0.3962,06:53:00,0.98,1.3,36,6,50,09:06:00,NA,0.91,0.61,8.5,"sand",NA,NA,5,0.1,10,"flat",NA,"5/29/2021","May",30.55555556,5.555555556,15.27777778,0,9.722222222,5,"Spring",270.4347826,345.0833333,1.115208333,10.62395833,30.45,1.761
"211","Stillwater Cove","Ref",2021,4,28,"Clear",0.1829,06:09:00,1.79,2.37,32,1,-50,08:40:00,NA,0.91,0.91,8.5,"sand",NA,NA,60,0.1,4,"flat",NA,"4/28/2021","Apr",0,0,0,0,0,4,"Spring",241.6666667,328.25,0.714375,8.910416667,24.934,1.495
"212","Stillwater Cove","Ref",2021,4,28,"Clear",0.1829,06:09:00,1.79,2.37,32,2,0,08:40:00,NA,0.91,0.91,8.5,"sand",NA,NA,60,0.1,4,"flat",NA,"4/28/2021","Apr",11.11111111,12.5,8.333333333,0,4.166666667,4,"Spring",241.6666667,328.25,0.714375,8.910416667,24.934,1.495
"213","Stillwater Cove","Ref",2021,4,28,"Clear",0.1829,06:09:00,1.79,2.37,32,3,30,09:00:00,NA,0.91,0.61,8.5,"sand","pterry",NA,50,0.1,4,"flat",NA,"4/28/2021","Apr",30.55555556,0,27.77777778,4.166666667,4.166666667,4,"Spring",241.6666667,328.25,0.714375,8.910416667,24.934,1.495
"214","Stillwater Cove","Ref",2021,4,28,"Clear",0.1829,06:09:00,1.79,2.37,32,4,30,09:00:00,NA,1.22,0.61,8.5,"bedrock",NA,NA,40,0.1,4,"flat",NA,"4/28/2021","Apr",25,15.27777778,8.333333333,16.66666667,4.166666667,4,"Spring",241.6666667,328.25,0.714375,8.910416667,24.934,1.495
"215","Stillwater Cove","Ref",2021,4,28,"Clear",0.1829,06:09:00,1.79,2.37,32,5,100,09:11:00,NA,0.91,0.61,8.5,"sand",NA,NA,30,0.1,4,"flat",NA,"4/28/2021","Apr",25,8.333333333,14.58333333,8.333333333,6.25,4,"Spring",241.6666667,328.25,0.714375,8.910416667,24.934,1.495
"216","Stillwater Cove","Ref",2021,4,28,"Clear",0.1829,06:09:00,1.79,2.37,32,6,40,09:11:00,NA,0.91,0.61,8.5,"sand",NA,NA,30,0.1,4,"flat",NA,"4/28/2021","Apr",61.11111111,12.5,27.77777778,43.75,0,4,"Spring",241.6666667,328.25,0.714375,8.910416667,24.934,1.495
"217","Whalers Cove","MPA",2021,6,15,"Clear",-0.1219,08:11:00,4.29,5.32,35,1,NA,08:55:00,NA,1.83,2.44,8,"sand","drift",NA,10,0.2,12,"flat",NA,"6/15/2021","Jun",68.05555556,25,51.38888889,0,0,6,"Summer",309.5833333,341.25,0.836875,9.976458333,12.611,1.243
"218","Whalers Cove","MPA",2021,6,15,"Clear",-0.1219,08:11:00,4.29,5.32,35,2,NA,08:55:00,NA,1.52,1.52,8,"sand","drift",NA,10,0.2,12,"flat",NA,"6/15/2021","Jun",43.05555556,8.333333333,33.33333333,4.166666667,0,6,"Summer",309.5833333,341.25,0.836875,9.976458333,12.611,1.243
"219","Whalers Cove","MPA",2021,6,15,"Clear",-0.1219,08:11:00,4.29,5.32,35,3,NA,09:00:00,NA,1.83,0.91,8,"sand","drift",NA,10,0.2,12,"flat",NA,"6/15/2021","Jun",83.33333333,51.38888889,45.83333333,0,4.166666667,6,"Summer",309.5833333,341.25,0.836875,9.976458333,12.611,1.243
"220","Whalers Cove","MPA",2021,6,15,"Clear",-0.1219,08:11:00,4.29,5.32,35,4,NA,09:00:00,NA,1.83,2.44,8,"sand",NA,NA,10,0.2,12,"flat",NA,"6/15/2021","Jun",15.27777778,4.166666667,12.5,0,4.166666667,6,"Summer",309.5833333,341.25,0.836875,9.976458333,12.611,1.243
"221","Whalers Cove","MPA",2021,6,15,"Clear",-0.1219,08:11:00,4.29,5.32,35,5,NA,09:05:00,NA,1.83,2.44,8,"bedrock","drift",NA,10,0.2,12,"flat",NA,"6/15/2021","Jun",100,0,100,0,0,6,"Summer",309.5833333,341.25,0.836875,9.976458333,12.611,1.243
"222","Whalers Cove","MPA",2021,6,15,"Clear",-0.1219,08:11:00,4.29,5.32,35,6,NA,09:05:00,NA,1.52,2.44,8,"bedrock",NA,NA,10,0.2,12,"flat",NA,"6/15/2021","Jun",27.77777778,6.25,22.22222222,4.166666667,0,6,"Summer",309.5833333,341.25,0.836875,9.976458333,12.611,1.243
"223","Carmel","Ref",2021,5,23,"Partly cloudy",0.3048,13:30:00,4.47,5.45,35,1,0,14:30:00,NA,1.52,4.57,9,"sand",NA,NA,100,1.8,12,"flat",NA,"5/23/2021","May",0,0,0,0,0,5,"Spring",248.75,347.25,0.661875,13.52875,13.737,0.761
"224","Carmel","Ref",2021,5,23,"Partly cloudy",0.3048,13:30:00,4.47,5.45,35,2,50,14:03:00,NA,1.52,4.57,9,"sand",NA,NA,90,1.8,12,"flat",NA,"5/23/2021","May",4.166666667,0,4.166666667,0,0,5,"Spring",248.75,347.25,0.661875,13.52875,13.737,0.761
"225","Carmel","Ref",2021,5,23,"Partly cloudy",0.3048,13:30:00,4.47,5.45,35,3,100,14:38:00,NA,1.52,4.57,9,"sand",NA,NA,80,1.8,12,"flat",NA,"5/23/2021","May",0,0,0,0,0,5,"Spring",248.75,347.25,0.661875,13.52875,13.737,0.761
"226","Carmel","Ref",2021,5,23,"Partly cloudy",0.3048,13:30:00,4.47,5.45,35,4,50,14:42:00,NA,1.83,4.57,9,"sand",NA,NA,80,1.8,12,"flat",NA,"5/23/2021","May",0,0,0,0,0,5,"Spring",248.75,347.25,0.661875,13.52875,13.737,0.761
"227","Carmel","Ref",2021,5,23,"Partly cloudy",0.3048,13:30:00,4.47,5.45,35,5,50,14:48:00,NA,1.83,4.57,9,"sand",NA,NA,70,1.8,12,"flat",NA,"5/23/2021","May",0,0,0,0,0,5,"Spring",248.75,347.25,0.661875,13.52875,13.737,0.761
"228","Carmel","Ref",2021,5,23,"Partly cloudy",0.3048,13:30:00,4.47,5.45,35,6,50,14:51:00,NA,1.83,4.57,9,"sand",NA,NA,70,1.8,12,"flat",NA,"5/23/2021","May",0,0,0,0,0,5,"Spring",248.75,347.25,0.661875,13.52875,13.737,0.761
"229","Carmel","Ref",2021,6,10,"Clear",0.9754,15:05:00,4.47,5.41,34,1,0,11:26:00,NA,0.91,3.05,8,"sand",NA,NA,50,1.5,10,"flat",NA,"6/10/2021","Jun",4.166666667,4.166666667,4.166666667,0,0,6,"Summer",150.8333333,339.9166667,0.54,9.759375,8.513,0.656
"230","Carmel","Ref",2021,6,10,"Clear",0.9754,15:05:00,4.47,5.41,34,2,50,11:26:00,NA,1.52,3.05,8,"sand",NA,NA,60,1.5,10,"flat",NA,"6/10/2021","Jun",0,0,0,0,0,6,"Summer",150.8333333,339.9166667,0.54,9.759375,8.513,0.656
"231","Carmel","Ref",2021,6,10,"Clear",0.9754,15:05:00,4.47,5.41,34,3,70,11:40:00,NA,0.91,1.52,8,"sand",NA,NA,50,1.5,10,"flat",NA,"6/10/2021","Jun",4.166666667,4.166666667,0,0,4.166666667,6,"Summer",150.8333333,339.9166667,0.54,9.759375,8.513,0.656
"232","Carmel","Ref",2021,6,10,"Clear",0.9754,15:05:00,4.47,5.41,34,4,40,11:40:00,NA,1.68,3.05,8,"sand",NA,NA,60,1.5,10,"flat",NA,"6/10/2021","Jun",0,0,0,0,0,6,"Summer",150.8333333,339.9166667,0.54,9.759375,8.513,0.656
"233","Carmel","Ref",2021,6,10,"Clear",0.9754,15:05:00,4.47,5.41,34,5,50,11:50:00,NA,0.91,0.91,8,"sand","cysto",NA,50,1.5,10,"flat",NA,"6/10/2021","Jun",9.722222222,4.166666667,10.41666667,0,4.166666667,6,"Summer",150.8333333,339.9166667,0.54,9.759375,8.513,0.656
"234","Carmel","Ref",2021,6,10,"Clear",0.9754,15:05:00,4.47,5.41,34,6,50,11:50:00,NA,0.91,0.91,8,"sand","dysmo",NA,60,1.5,10,"flat",NA,"6/10/2021","Jun",4.166666667,0,4.166666667,0,0,6,"Summer",150.8333333,339.9166667,0.54,9.759375,8.513,0.656
"235","Spanish Bay","MPA",2021,5,24,"Partly cloudy",0.5486,14:10:00,3.89,4.43,35,1,0,13:15:00,NA,1.83,0.61,8.5,"sand","desma",NA,80,2,8,"flat",NA,"5/24/2021","May",48.61111111,4.166666667,100,0,20.83333333,5,"Spring",290.8333333,344.2083333,0.802708333,11.01604167,12.662,0.717
"236","Spanish Bay","MPA",2021,5,24,"Partly cloudy",0.5486,14:10:00,3.89,4.43,35,2,40,13:15:00,NA,1.98,1.52,8.5,"sand","drift",NA,80,2,8,"flat",NA,"5/24/2021","May",15.27777778,4.166666667,4.166666667,0,11.11111111,5,"Spring",290.8333333,344.2083333,0.802708333,11.01604167,12.662,0.717
"237","Spanish Bay","MPA",2021,5,24,"Partly cloudy",0.5486,14:10:00,3.89,4.43,35,3,30,13:25:00,NA,1.83,1.22,8.5,"sand","drift",NA,90,2,8,"flat",NA,"5/24/2021","May",36.11111111,12.5,11.11111111,0,12.5,5,"Spring",290.8333333,344.2083333,0.802708333,11.01604167,12.662,0.717
"238","Spanish Bay","MPA",2021,5,24,"Partly cloudy",0.5486,14:10:00,3.89,4.43,35,4,40,13:28:00,NA,2.13,0.91,8.5,"sand","drift",NA,90,2,8,"flat",NA,"5/24/2021","May",68.05555556,41.66666667,12.5,0,13.88888889,5,"Spring",290.8333333,344.2083333,0.802708333,11.01604167,12.662,0.717
"239","Spanish Bay","MPA",2021,5,24,"Partly cloudy",0.5486,14:10:00,3.89,4.43,35,5,NA,NA,NA,2.13,0.91,8.5,"sand",NA,NA,90,2,8,"flat",NA,"5/24/2021","May",44.44444444,9.722222222,12.5,0,26.38888889,5,"Spring",290.8333333,344.2083333,0.802708333,11.01604167,12.662,0.717
"240","Spanish Bay","MPA",2021,5,24,"Partly cloudy",0.5486,14:10:00,3.89,4.43,35,6,40,15:30:00,NA,1.83,0.91,8.5,"sand","drift",NA,60,2,8,"flat",NA,"5/24/2021","May",100,14.58333333,20.83333333,0,83.33333333,5,"Spring",290.8333333,344.2083333,0.802708333,11.01604167,12.662,0.717
"241","Stillwater Cove","Ref",2021,6,14,"Foggy",-0.1829,07:29:00,0.98,1.52,35,1,0,08:41:00,NA,1.22,0.3,9,"sand",NA,NA,40,0.1,11,"flat",NA,"6/14/2021","Jun",4.166666667,0,0,4.166666667,0,6,"Summer",82.08333333,345.25,0.677916667,10.88625,6.743,0.65
"242","Stillwater Cove","Ref",2021,6,14,"Foggy",-0.1829,07:29:00,0.98,1.52,35,2,50,08:46:00,NA,1.52,0.3,9,"sand",NA,NA,30,0.1,11,"flat",NA,"6/14/2021","Jun",25,0,25,0,0,6,"Summer",82.08333333,345.25,0.677916667,10.88625,6.743,0.65
"243","Stillwater Cove","Ref",2021,6,14,"Foggy",-0.1829,07:29:00,0.98,1.52,35,3,30,08:50:00,NA,1.52,0.3,9,"sand",NA,NA,30,0.1,11,"flat",NA,"6/14/2021","Jun",100,0,0,100,0,6,"Summer",82.08333333,345.25,0.677916667,10.88625,6.743,0.65
"244","Stillwater Cove","Ref",2021,6,14,"Foggy",-0.1829,07:29:00,0.98,1.52,35,4,40,08:55:00,NA,1.52,0.3,9,"sand","egregia",NA,30,0.1,11,"flat",NA,"6/14/2021","Jun",100,0,100,0,0,6,"Summer",82.08333333,345.25,0.677916667,10.88625,6.743,0.65
"245","Stillwater Cove","Ref",2021,6,14,"Foggy",-0.1829,07:29:00,0.98,1.52,35,5,100,09:01:00,NA,1.52,0.3,9,"bedrock",NA,NA,20,0.1,11,"flat",NA,"6/14/2021","Jun",93.05555556,22.91666667,51.38888889,23.61111111,8.333333333,6,"Summer",82.08333333,345.25,0.677916667,10.88625,6.743,0.65
"246","Stillwater Cove","Ref",2021,6,14,"Foggy",-0.1829,07:29:00,0.98,1.52,35,6,50,09:05:00,NA,0.91,0.3,9,"bedrock",NA,NA,20,0.1,11,"flat",NA,"6/14/2021","Jun",65.27777778,100,0,47.91666667,0,6,"Summer",82.08333333,345.25,0.677916667,10.88625,6.743,0.65
"247","Spanish Bay","MPA",2021,6,11,"Clear",0.4267,05:35:00,2.19,2.55,35,1,0,09:40:00,NA,1.22,3.05,8,"sand",NA,NA,90,0.5,8,"flat",NA,"6/11/2021","Jun",4.166666667,0,0,0,4.166666667,6,"Summer",192.0833333,319.0416667,0.545416667,8.000833333,13.94,1.098
"248","Spanish Bay","MPA",2021,6,11,"Clear",0.4267,05:35:00,2.19,2.55,35,2,50,09:40:00,NA,1.22,1.52,8,"sand",NA,NA,80,0.5,8,"flat",NA,"6/11/2021","Jun",12.5,8.333333333,4.166666667,0,0,6,"Summer",192.0833333,319.0416667,0.545416667,8.000833333,13.94,1.098
"249","Spanish Bay","MPA",2021,6,11,"Clear",0.4267,05:35:00,2.19,2.55,35,3,50,09:50:00,NA,1.22,1.52,8,"sand",NA,NA,70,0.5,8,"flat",NA,"6/11/2021","Jun",0,0,0,0,0,6,"Summer",192.0833333,319.0416667,0.545416667,8.000833333,13.94,1.098
"250","Spanish Bay","MPA",2021,6,11,"Clear",0.4267,05:35:00,2.19,2.55,35,4,50,09:50:00,NA,1.22,0.3,8,"sand",NA,NA,60,0.5,8,"flat",NA,"6/11/2021","Jun",0,0,0,0,0,6,"Summer",192.0833333,319.0416667,0.545416667,8.000833333,13.94,1.098
"251","Spanish Bay","MPA",2021,6,11,"Clear",0.4267,05:35:00,2.19,2.55,35,5,50,10:00:00,NA,1.52,3.05,8,"sand",NA,NA,90,0.5,8,"flat",NA,"6/11/2021","Jun",0,0,0,0,0,6,"Summer",192.0833333,319.0416667,0.545416667,8.000833333,13.94,1.098
"252","Spanish Bay","MPA",2021,6,11,"Clear",0.4267,05:35:00,2.19,2.55,35,6,50,10:00:00,NA,0.91,1.52,8,"sand",NA,NA,80,0.5,8,"flat",NA,"6/11/2021","Jun",0,0,0,0,0,6,"Summer",192.0833333,319.0416667,0.545416667,8.000833333,13.94,1.098
"253","Carmel","Ref",2020,11,30,"Clear",0.0914,16:40:00,2.91,4.11,36,1,NA,15:10:00,NA,1.83,2.44,13,"sand",NA,NA,30,0.8,12,"trough",NA,"11/30/2020","Nov",12.5,0,12.5,0,0,11,"Fall",250.4347826,343.5625,0.773958333,12.27583333,11.107,1.01
"254","Carmel","Ref",2020,11,30,"Clear",0.0914,16:40:00,2.91,4.11,36,2,NA,15:10:00,NA,1.83,0.91,13,"sand",NA,NA,30,0.8,12,"trough",NA,"11/30/2020","Nov",12.5,4.166666667,0,0,8.333333333,11,"Fall",250.4347826,343.5625,0.773958333,12.27583333,11.107,1.01
"255","Carmel","Ref",2020,11,30,"Clear",0.0914,16:40:00,2.91,4.11,36,3,NA,15:20:00,NA,1.68,0.91,13,"sand",NA,NA,20,0.8,12,"trough",NA,"11/30/2020","Nov",0,0,0,0,0,11,"Fall",250.4347826,343.5625,0.773958333,12.27583333,11.107,1.01
"256","Carmel","Ref",2020,11,30,"Clear",0.0914,16:40:00,2.91,4.11,36,4,NA,15:20:00,NA,1.83,1.52,13,"sand",NA,NA,40,0.8,12,"trough",NA,"11/30/2020","Nov",0,0,0,0,0,11,"Fall",250.4347826,343.5625,0.773958333,12.27583333,11.107,1.01
"257","Carmel","Ref",2020,11,30,"Clear",0.0914,16:40:00,2.91,4.11,36,5,NA,15:30:00,NA,1.68,2.13,13,"sand",NA,NA,20,0.8,12,"flat",NA,"11/30/2020","Nov",4.166666667,0,4.166666667,0,0,11,"Fall",250.4347826,343.5625,0.773958333,12.27583333,11.107,1.01
"258","Carmel","Ref",2020,11,30,"Clear",0.0914,16:40:00,2.91,4.11,36,6,NA,15:30:00,NA,1.83,1.22,13,"sand",NA,NA,30,0.8,12,"trough",NA,"11/30/2020","Nov",0,0,0,0,0,11,"Fall",250.4347826,343.5625,0.773958333,12.27583333,11.107,1.01
"259","Spanish Bay","MPA",2020,11,11,"Cloudy",0.9706,16:31:00,1.18,1.62,39,1,0,15:00:00,16:00:00,1.66,3.05,12,"sand","drift",NA,30,0.4,11,"trough",NA,"11/11/2020","Nov",12.5,4.166666667,8.333333333,0,8.333333333,11,"Fall",211.2,338.1666667,0.424166667,10.92875,4.652,0.682
"260","Spanish Bay","MPA",2020,11,11,"Cloudy",0.9706,16:31:00,1.18,1.62,39,2,50,15:05:00,NA,1.83,3.05,12,"sand","drift",NA,40,0.4,11,"trough",NA,"11/11/2020","Nov",11.11111111,0,0,0,11.11111111,11,"Fall",211.2,338.1666667,0.424166667,10.92875,4.652,0.682
"261","Spanish Bay","MPA",2020,11,11,"Cloudy",0.9706,16:31:00,1.18,1.62,39,3,40,15:15:00,NA,1.83,3.05,12,"sand",NA,NA,40,0.4,11,"flat",NA,"11/11/2020","Nov",4.166666667,0,0,0,4.166666667,11,"Fall",211.2,338.1666667,0.424166667,10.92875,4.652,0.682
"262","Spanish Bay","MPA",2020,11,11,"Cloudy",0.9706,16:31:00,1.18,1.62,39,4,40,15:20:00,NA,2.13,3.05,12,"sand","drift",NA,50,0.4,11,"trough",NA,"11/11/2020","Nov",20.83333333,20.83333333,8.333333333,0,6.25,11,"Fall",211.2,338.1666667,0.424166667,10.92875,4.652,0.682
"263","Spanish Bay","MPA",2020,11,11,"Cloudy",0.9706,16:31:00,1.18,1.62,39,5,20,15:30:00,NA,1.83,3.05,12,"sand",NA,NA,50,0.4,11,"flat",NA,"11/11/2020","Nov",12.5,4.166666667,4.166666667,0,4.166666667,11,"Fall",211.2,338.1666667,0.424166667,10.92875,4.652,0.682
"264","Spanish Bay","MPA",2020,11,11,"Cloudy",0.9706,16:31:00,1.18,1.62,39,6,50,15:35:00,16:43:00,2.13,3.05,12,"sand","drift",NA,60,0.4,11,"trough",NA,"11/11/2020","Nov",29.16666667,8.333333333,12.5,0,22.22222222,11,"Fall",211.2,338.1666667,0.424166667,10.92875,4.652,0.682
